-- MySQL dump 10.13  Distrib 8.3.0, for Linux (x86_64)
--
-- Host: localhost    Database: super_tizen
-- ------------------------------------------------------
-- Server version	8.3.0

/*!40101 SET @OLD_CHARACTER_SET_CLIENT=@@CHARACTER_SET_CLIENT */;
/*!40101 SET @OLD_CHARACTER_SET_RESULTS=@@CHARACTER_SET_RESULTS */;
/*!40101 SET @OLD_COLLATION_CONNECTION=@@COLLATION_CONNECTION */;
/*!50503 SET NAMES utf8mb4 */;
/*!40103 SET @OLD_TIME_ZONE=@@TIME_ZONE */;
/*!40103 SET TIME_ZONE='+00:00' */;
/*!40014 SET @OLD_UNIQUE_CHECKS=@@UNIQUE_CHECKS, UNIQUE_CHECKS=0 */;
/*!40014 SET @OLD_FOREIGN_KEY_CHECKS=@@FOREIGN_KEY_CHECKS, FOREIGN_KEY_CHECKS=0 */;
/*!40101 SET @OLD_SQL_MODE=@@SQL_MODE, SQL_MODE='NO_AUTO_VALUE_ON_ZERO' */;
/*!40111 SET @OLD_SQL_NOTES=@@SQL_NOTES, SQL_NOTES=0 */;

--
-- Table structure for table `auth_group`
--

DROP TABLE IF EXISTS `auth_group`;
/*!40101 SET @saved_cs_client     = @@character_set_client */;
/*!50503 SET character_set_client = utf8mb4 */;
CREATE TABLE `auth_group` (
  `id` int NOT NULL AUTO_INCREMENT,
  `name` varchar(150) NOT NULL,
  PRIMARY KEY (`id`),
  UNIQUE KEY `name` (`name`)
) ENGINE=InnoDB DEFAULT CHARSET=utf8mb3;
/*!40101 SET character_set_client = @saved_cs_client */;

--
-- Dumping data for table `auth_group`
--

LOCK TABLES `auth_group` WRITE;
/*!40000 ALTER TABLE `auth_group` DISABLE KEYS */;
/*!40000 ALTER TABLE `auth_group` ENABLE KEYS */;
UNLOCK TABLES;

--
-- Table structure for table `auth_group_permissions`
--

DROP TABLE IF EXISTS `auth_group_permissions`;
/*!40101 SET @saved_cs_client     = @@character_set_client */;
/*!50503 SET character_set_client = utf8mb4 */;
CREATE TABLE `auth_group_permissions` (
  `id` bigint NOT NULL AUTO_INCREMENT,
  `group_id` int NOT NULL,
  `permission_id` int NOT NULL,
  PRIMARY KEY (`id`),
  UNIQUE KEY `auth_group_permissions_group_id_permission_id_0cd325b0_uniq` (`group_id`,`permission_id`),
  KEY `auth_group_permissio_permission_id_84c5c92e_fk_auth_perm` (`permission_id`),
  CONSTRAINT `auth_group_permissio_permission_id_84c5c92e_fk_auth_perm` FOREIGN KEY (`permission_id`) REFERENCES `auth_permission` (`id`),
  CONSTRAINT `auth_group_permissions_group_id_b120cbf9_fk_auth_group_id` FOREIGN KEY (`group_id`) REFERENCES `auth_group` (`id`)
) ENGINE=InnoDB DEFAULT CHARSET=utf8mb3;
/*!40101 SET character_set_client = @saved_cs_client */;

--
-- Dumping data for table `auth_group_permissions`
--

LOCK TABLES `auth_group_permissions` WRITE;
/*!40000 ALTER TABLE `auth_group_permissions` DISABLE KEYS */;
/*!40000 ALTER TABLE `auth_group_permissions` ENABLE KEYS */;
UNLOCK TABLES;

--
-- Table structure for table `auth_permission`
--

DROP TABLE IF EXISTS `auth_permission`;
/*!40101 SET @saved_cs_client     = @@character_set_client */;
/*!50503 SET character_set_client = utf8mb4 */;
CREATE TABLE `auth_permission` (
  `id` int NOT NULL AUTO_INCREMENT,
  `name` varchar(255) NOT NULL,
  `content_type_id` int NOT NULL,
  `codename` varchar(100) NOT NULL,
  PRIMARY KEY (`id`),
  UNIQUE KEY `auth_permission_content_type_id_codename_01ab375a_uniq` (`content_type_id`,`codename`),
  CONSTRAINT `auth_permission_content_type_id_2f476e4b_fk_django_co` FOREIGN KEY (`content_type_id`) REFERENCES `django_content_type` (`id`)
) ENGINE=InnoDB AUTO_INCREMENT=97 DEFAULT CHARSET=utf8mb3;
/*!40101 SET character_set_client = @saved_cs_client */;

--
-- Dumping data for table `auth_permission`
--

LOCK TABLES `auth_permission` WRITE;
/*!40000 ALTER TABLE `auth_permission` DISABLE KEYS */;
INSERT INTO `auth_permission` VALUES (1,'Can add clothing',1,'add_clothing'),(2,'Can change clothing',1,'change_clothing'),(3,'Can delete clothing',1,'delete_clothing'),(4,'Can view clothing',1,'view_clothing'),(5,'Can add clothing detail',2,'add_clothingdetail'),(6,'Can change clothing detail',2,'change_clothingdetail'),(7,'Can delete clothing detail',2,'delete_clothingdetail'),(8,'Can view clothing detail',2,'view_clothingdetail'),(9,'Can add clothing season',3,'add_clothingseason'),(10,'Can change clothing season',3,'change_clothingseason'),(11,'Can delete clothing season',3,'delete_clothingseason'),(12,'Can view clothing season',3,'view_clothingseason'),(13,'Can add clothing style',4,'add_clothingstyle'),(14,'Can change clothing style',4,'change_clothingstyle'),(15,'Can delete clothing style',4,'delete_clothingstyle'),(16,'Can view clothing style',4,'view_clothingstyle'),(17,'Can add clothing texture',5,'add_clothingtexture'),(18,'Can change clothing texture',5,'change_clothingtexture'),(19,'Can delete clothing texture',5,'delete_clothingtexture'),(20,'Can view clothing texture',5,'view_clothingtexture'),(21,'Can add family',6,'add_family'),(22,'Can change family',6,'change_family'),(23,'Can delete family',6,'delete_family'),(24,'Can view family',6,'view_family'),(25,'Can add past outfit',7,'add_pastoutfit'),(26,'Can change past outfit',7,'change_pastoutfit'),(27,'Can delete past outfit',7,'delete_pastoutfit'),(28,'Can view past outfit',7,'view_pastoutfit'),(29,'Can add recommended outfit',8,'add_recommendedoutfit'),(30,'Can change recommended outfit',8,'change_recommendedoutfit'),(31,'Can delete recommended outfit',8,'delete_recommendedoutfit'),(32,'Can view recommended outfit',8,'view_recommendedoutfit'),(33,'Can add schedule',9,'add_schedule'),(34,'Can change schedule',9,'change_schedule'),(35,'Can delete schedule',9,'delete_schedule'),(36,'Can view schedule',9,'view_schedule'),(37,'Can add si do',10,'add_sido'),(38,'Can change si do',10,'change_sido'),(39,'Can delete si do',10,'delete_sido'),(40,'Can view si do',10,'view_sido'),(41,'Can add si gun gu',11,'add_sigungu'),(42,'Can change si gun gu',11,'change_sigungu'),(43,'Can delete si gun gu',11,'delete_sigungu'),(44,'Can view si gun gu',11,'view_sigungu'),(45,'Can add style',12,'add_style'),(46,'Can change style',12,'change_style'),(47,'Can delete style',12,'delete_style'),(48,'Can view style',12,'view_style'),(49,'Can add texture',13,'add_texture'),(50,'Can change texture',13,'change_texture'),(51,'Can delete texture',13,'delete_texture'),(52,'Can view texture',13,'view_texture'),(53,'Can add user',14,'add_user'),(54,'Can change user',14,'change_user'),(55,'Can delete user',14,'delete_user'),(56,'Can view user',14,'view_user'),(57,'Can add user clothing',15,'add_userclothing'),(58,'Can change user clothing',15,'change_userclothing'),(59,'Can delete user clothing',15,'delete_userclothing'),(60,'Can view user clothing',15,'view_userclothing'),(61,'Can add weather',16,'add_weather'),(62,'Can change weather',16,'change_weather'),(63,'Can delete weather',16,'delete_weather'),(64,'Can view weather',16,'view_weather'),(65,'Can add django job',17,'add_djangojob'),(66,'Can change django job',17,'change_djangojob'),(67,'Can delete django job',17,'delete_djangojob'),(68,'Can view django job',17,'view_djangojob'),(69,'Can add django job execution',18,'add_djangojobexecution'),(70,'Can change django job execution',18,'change_djangojobexecution'),(71,'Can delete django job execution',18,'delete_djangojobexecution'),(72,'Can view django job execution',18,'view_djangojobexecution'),(73,'Can add log entry',19,'add_logentry'),(74,'Can change log entry',19,'change_logentry'),(75,'Can delete log entry',19,'delete_logentry'),(76,'Can view log entry',19,'view_logentry'),(77,'Can add permission',20,'add_permission'),(78,'Can change permission',20,'change_permission'),(79,'Can delete permission',20,'delete_permission'),(80,'Can view permission',20,'view_permission'),(81,'Can add group',21,'add_group'),(82,'Can change group',21,'change_group'),(83,'Can delete group',21,'delete_group'),(84,'Can view group',21,'view_group'),(85,'Can add user',22,'add_user'),(86,'Can change user',22,'change_user'),(87,'Can delete user',22,'delete_user'),(88,'Can view user',22,'view_user'),(89,'Can add content type',23,'add_contenttype'),(90,'Can change content type',23,'change_contenttype'),(91,'Can delete content type',23,'delete_contenttype'),(92,'Can view content type',23,'view_contenttype'),(93,'Can add session',24,'add_session'),(94,'Can change session',24,'change_session'),(95,'Can delete session',24,'delete_session'),(96,'Can view session',24,'view_session');
/*!40000 ALTER TABLE `auth_permission` ENABLE KEYS */;
UNLOCK TABLES;

--
-- Table structure for table `auth_user`
--

DROP TABLE IF EXISTS `auth_user`;
/*!40101 SET @saved_cs_client     = @@character_set_client */;
/*!50503 SET character_set_client = utf8mb4 */;
CREATE TABLE `auth_user` (
  `id` int NOT NULL AUTO_INCREMENT,
  `password` varchar(128) NOT NULL,
  `last_login` datetime(6) DEFAULT NULL,
  `is_superuser` tinyint(1) NOT NULL,
  `username` varchar(150) NOT NULL,
  `first_name` varchar(150) NOT NULL,
  `last_name` varchar(150) NOT NULL,
  `email` varchar(254) NOT NULL,
  `is_staff` tinyint(1) NOT NULL,
  `is_active` tinyint(1) NOT NULL,
  `date_joined` datetime(6) NOT NULL,
  PRIMARY KEY (`id`),
  UNIQUE KEY `username` (`username`)
) ENGINE=InnoDB DEFAULT CHARSET=utf8mb3;
/*!40101 SET character_set_client = @saved_cs_client */;

--
-- Dumping data for table `auth_user`
--

LOCK TABLES `auth_user` WRITE;
/*!40000 ALTER TABLE `auth_user` DISABLE KEYS */;
/*!40000 ALTER TABLE `auth_user` ENABLE KEYS */;
UNLOCK TABLES;

--
-- Table structure for table `auth_user_groups`
--

DROP TABLE IF EXISTS `auth_user_groups`;
/*!40101 SET @saved_cs_client     = @@character_set_client */;
/*!50503 SET character_set_client = utf8mb4 */;
CREATE TABLE `auth_user_groups` (
  `id` bigint NOT NULL AUTO_INCREMENT,
  `user_id` int NOT NULL,
  `group_id` int NOT NULL,
  PRIMARY KEY (`id`),
  UNIQUE KEY `auth_user_groups_user_id_group_id_94350c0c_uniq` (`user_id`,`group_id`),
  KEY `auth_user_groups_group_id_97559544_fk_auth_group_id` (`group_id`),
  CONSTRAINT `auth_user_groups_group_id_97559544_fk_auth_group_id` FOREIGN KEY (`group_id`) REFERENCES `auth_group` (`id`),
  CONSTRAINT `auth_user_groups_user_id_6a12ed8b_fk_auth_user_id` FOREIGN KEY (`user_id`) REFERENCES `auth_user` (`id`)
) ENGINE=InnoDB DEFAULT CHARSET=utf8mb3;
/*!40101 SET character_set_client = @saved_cs_client */;

--
-- Dumping data for table `auth_user_groups`
--

LOCK TABLES `auth_user_groups` WRITE;
/*!40000 ALTER TABLE `auth_user_groups` DISABLE KEYS */;
/*!40000 ALTER TABLE `auth_user_groups` ENABLE KEYS */;
UNLOCK TABLES;

--
-- Table structure for table `auth_user_user_permissions`
--

DROP TABLE IF EXISTS `auth_user_user_permissions`;
/*!40101 SET @saved_cs_client     = @@character_set_client */;
/*!50503 SET character_set_client = utf8mb4 */;
CREATE TABLE `auth_user_user_permissions` (
  `id` bigint NOT NULL AUTO_INCREMENT,
  `user_id` int NOT NULL,
  `permission_id` int NOT NULL,
  PRIMARY KEY (`id`),
  UNIQUE KEY `auth_user_user_permissions_user_id_permission_id_14a6b632_uniq` (`user_id`,`permission_id`),
  KEY `auth_user_user_permi_permission_id_1fbb5f2c_fk_auth_perm` (`permission_id`),
  CONSTRAINT `auth_user_user_permi_permission_id_1fbb5f2c_fk_auth_perm` FOREIGN KEY (`permission_id`) REFERENCES `auth_permission` (`id`),
  CONSTRAINT `auth_user_user_permissions_user_id_a95ead1b_fk_auth_user_id` FOREIGN KEY (`user_id`) REFERENCES `auth_user` (`id`)
) ENGINE=InnoDB DEFAULT CHARSET=utf8mb3;
/*!40101 SET character_set_client = @saved_cs_client */;

--
-- Dumping data for table `auth_user_user_permissions`
--

LOCK TABLES `auth_user_user_permissions` WRITE;
/*!40000 ALTER TABLE `auth_user_user_permissions` DISABLE KEYS */;
/*!40000 ALTER TABLE `auth_user_user_permissions` ENABLE KEYS */;
UNLOCK TABLES;

--
-- Table structure for table `clothing`
--

DROP TABLE IF EXISTS `clothing`;
/*!40101 SET @saved_cs_client     = @@character_set_client */;
/*!50503 SET character_set_client = utf8mb4 */;
CREATE TABLE `clothing` (
  `clothing_id` int NOT NULL AUTO_INCREMENT,
  `clothing_detail_id` bigint NOT NULL,
  `owner_id` int NOT NULL,
  `now_at` varchar(20) NOT NULL,
  `RFID_uid` varchar(15) NOT NULL,
  `created_at` timestamp NOT NULL DEFAULT CURRENT_TIMESTAMP,
  `updated_at` timestamp NOT NULL DEFAULT CURRENT_TIMESTAMP,
  `washed_at` timestamp NOT NULL DEFAULT CURRENT_TIMESTAMP,
  `location_modified_at` timestamp NOT NULL DEFAULT CURRENT_TIMESTAMP,
  `polluted` int NOT NULL,
  `worn_count` int NOT NULL,
  `category` varchar(20) NOT NULL,
  PRIMARY KEY (`clothing_id`),
  KEY `clothing_detail_id` (`clothing_detail_id`),
  CONSTRAINT `clothing_ibfk_1` FOREIGN KEY (`clothing_detail_id`) REFERENCES `clothing_detail` (`clothing_detail_id`)
) ENGINE=InnoDB AUTO_INCREMENT=24 DEFAULT CHARSET=utf8mb3;
/*!40101 SET character_set_client = @saved_cs_client */;

--
-- Dumping data for table `clothing`
--

LOCK TABLES `clothing` WRITE;
/*!40000 ALTER TABLE `clothing` DISABLE KEYS */;
INSERT INTO `clothing` VALUES (1,1,1,'옷장','2208594702','2024-04-02 09:04:42','2024-04-02 09:04:42','2024-04-03 00:14:00','2024-04-03 00:14:00',0,0,'상의'),(2,2,1,'세탁기','2312163194','2024-04-02 09:04:42','2024-04-02 09:04:42','2024-03-15 00:30:23','2024-04-03 00:30:23',0,2,'상의'),(3,3,1,'옷장','4080237070','2024-04-02 09:04:42','2024-04-02 09:04:42','2024-04-03 00:05:22','2024-04-03 00:05:22',0,0,'치마'),(4,5,1,'옷장','UID0001','2024-04-02 09:04:42','2024-04-02 09:04:42','2024-03-15 09:04:42','2024-04-02 09:04:42',0,2,'바지'),(5,6,1,'옷장','UID0002','2024-04-02 09:04:42','2024-04-02 09:04:42','2024-04-02 09:04:42','2024-04-02 09:04:42',0,0,'바지'),(6,7,1,'옷장','UID0003','2024-04-02 09:04:42','2024-04-02 09:04:42','2024-04-02 09:04:42','2024-04-02 09:04:42',0,0,'바지'),(7,8,1,'옷장','UID0004','2024-04-02 09:04:42','2024-04-02 09:04:42','2024-04-02 09:04:42','2024-04-02 09:04:42',0,0,'상의'),(8,9,1,'옷장','UID0005','2024-04-02 09:04:42','2024-04-02 09:04:42','2024-04-02 09:04:42','2024-04-02 09:04:42',0,0,'상의'),(9,10,1,'옷장','UID0006','2024-04-02 09:04:42','2024-04-02 09:04:42','2024-04-02 09:04:42','2024-04-02 09:04:42',0,0,'상의'),(10,11,1,'옷장','UID0007','2024-04-02 09:04:42','2024-04-02 09:04:42','2024-04-02 09:04:42','2024-04-02 09:04:42',0,0,'아우터'),(11,12,1,'옷장','UID0008','2024-04-02 09:04:42','2024-04-02 09:04:42','2024-04-02 09:04:42','2024-04-02 09:04:42',0,0,'치마'),(12,13,1,'옷장','UID0009','2024-04-02 09:04:42','2024-04-02 09:04:42','2024-04-02 09:04:42','2024-04-02 09:04:42',0,0,'치마'),(13,14,1,'옷장','UID0010','2024-04-02 09:04:42','2024-04-02 09:04:42','2024-04-02 09:04:42','2024-04-02 09:04:42',0,0,'상의'),(14,15,1,'옷장','UID0011','2024-04-02 09:04:42','2024-04-02 09:04:42','2024-04-02 09:04:42','2024-04-02 09:04:42',0,0,'상의'),(15,16,1,'옷장','UID0012','2024-04-02 09:04:42','2024-04-02 09:04:42','2024-04-02 09:04:42','2024-04-02 09:04:42',0,0,'상의'),(16,17,1,'옷장','UID0013','2024-04-02 09:04:42','2024-04-02 09:04:42','2024-04-02 09:04:42','2024-04-02 09:04:42',0,0,'상의'),(17,18,1,'옷장','UID0013','2024-04-02 09:04:42','2024-04-02 09:04:42','2024-04-02 09:04:42','2024-04-02 09:04:42',0,0,'아우터'),(19,19,1,'옷장','UID0014','2024-04-02 22:50:08','2024-04-02 22:50:08','2024-04-02 22:50:08','2024-04-02 22:50:08',0,0,'상의'),(20,20,1,'옷장','UID0015','2024-04-02 22:50:08','2024-04-02 22:50:08','2024-04-02 22:50:08','2024-04-02 22:50:08',0,0,'하의'),(21,21,1,'옷장','UID0016','2024-04-02 22:50:08','2024-04-02 22:50:08','2024-04-02 22:50:08','2024-04-02 22:50:08',0,0,'상의 '),(22,22,1,'옷장','UID0017','2024-04-02 22:50:08','2024-04-02 22:50:08','2024-04-02 22:50:08','2024-04-02 22:50:08',0,0,'하의');
/*!40000 ALTER TABLE `clothing` ENABLE KEYS */;
UNLOCK TABLES;

--
-- Table structure for table `clothing_detail`
--

DROP TABLE IF EXISTS `clothing_detail`;
/*!40101 SET @saved_cs_client     = @@character_set_client */;
/*!50503 SET character_set_client = utf8mb4 */;
CREATE TABLE `clothing_detail` (
  `clothing_detail_id` bigint NOT NULL AUTO_INCREMENT,
  `clothing_img_path` varchar(200) NOT NULL,
  `color` varchar(20) NOT NULL,
  `category` varchar(20) NOT NULL,
  `rfid_uid` varchar(20) NOT NULL,
  `created_at` timestamp NOT NULL DEFAULT CURRENT_TIMESTAMP,
  `updated_at` timestamp NOT NULL DEFAULT CURRENT_TIMESTAMP,
  PRIMARY KEY (`clothing_detail_id`)
) ENGINE=InnoDB AUTO_INCREMENT=23 DEFAULT CHARSET=utf8mb3;
/*!40101 SET character_set_client = @saved_cs_client */;

--
-- Dumping data for table `clothing_detail`
--

LOCK TABLES `clothing_detail` WRITE;
/*!40000 ALTER TABLE `clothing_detail` DISABLE KEYS */;
INSERT INTO `clothing_detail` VALUES (1,'https://j10s006.p.ssafy.io/images/image-removebg-preview%20(3).png','빨강','상의','2208594702','2024-04-02 09:04:42','2024-04-02 09:04:42'),(2,'https://j10s006.p.ssafy.io/images/image-removebg-preview%20(4).png','검정','상의','2312163194','2024-04-02 09:04:42','2024-04-02 09:04:42'),(3,'https://j10s006.p.ssafy.io/images/image-removebg-preview%20(5).png','검정','치마','4080237070','2024-04-02 09:04:42','2024-04-02 09:04:42'),(4,'https://j10s006.p.ssafy.io/images/32AA1042-1F33-440D-8D2C-8867B144D37A-56601-000024978A7316B1-removebg-preview.png','검정','아우터','2307780474','2024-04-02 09:04:42','2024-04-02 09:04:42'),(5,'https://j10s006.p.ssafy.io/images/image-removebg-preview%20(6).png','핑크','아우터','UID0001','2024-04-02 09:04:42','2024-04-02 09:04:42'),(6,'https://j10s006.p.ssafy.io/images/image-removebg-preview%20(7).png','검정','바지','UID0002','2024-04-02 09:04:42','2024-04-02 09:04:42'),(7,'https://j10s006.p.ssafy.io/images/image-removebg-preview%20(8).png','검정','바지','UID0003','2024-04-02 09:04:42','2024-04-02 09:04:42'),(8,'https://j10s006.p.ssafy.io/images/image-removebg-preview%20(9).png','분홍','바지','UID0004','2024-04-02 09:04:42','2024-04-02 09:04:42'),(9,'https://j10s006.p.ssafy.io/images/image-removebg-preview%20(10).png','하양','상의','UID0005','2024-04-02 09:04:42','2024-04-02 09:04:42'),(10,'https://j10s006.p.ssafy.io/images/image-removebg-preview%20(11).png','검정','상의','UID0006','2024-04-02 09:04:42','2024-04-02 09:04:42'),(11,'https://j10s006.p.ssafy.io/images/image-removebg-preview%20(12).png','파랑','상의','UID0007','2024-04-02 09:04:42','2024-04-02 09:04:42'),(12,'https://j10s006.p.ssafy.io/images/image-removebg-preview%20(13).png','회색','아우터','UID0008','2024-04-02 09:04:42','2024-04-02 09:04:42'),(13,'https://j10s006.p.ssafy.io/images/image-removebg-preview%20(14).png','하양','치마','UID0009','2024-04-02 09:04:42','2024-04-02 09:04:42'),(14,'https://j10s006.p.ssafy.io/images/image-removebg-preview%20(15).png','검정','치마','UID0010','2024-04-02 09:04:42','2024-04-02 09:04:42'),(15,'https://j10s006.p.ssafy.io/images/image-removebg-preview%20(16).png','검정','상의','UID0011','2024-04-02 09:04:42','2024-04-02 09:04:42'),(16,'https://j10s006.p.ssafy.io/images/image-removebg-preview%20(17).png','파랑','상의','UID0012','2024-04-02 09:04:42','2024-04-02 09:04:42'),(17,'https://j10s006.p.ssafy.io/images/image-removebg-preview%20(18).png','검정','상의','UID0013','2024-04-02 09:04:42','2024-04-02 09:04:42'),(18,'https://j10s006.p.ssafy.io/images/e94ef63c-8e8e-45a1-82f5-b7866e7cfb3d.png','하양','아우터','UID0014','2024-04-02 09:04:42','2024-04-02 09:04:42'),(19,'https://j10s006.p.ssafy.io/images/image-removebg-preview%20(19).png','회색','상의','UID0015','2024-04-02 22:46:58','2024-04-02 22:46:58'),(20,'https://j10s006.p.ssafy.io/images/image-removebg-preview%20(20).png','검정','하의','UID0016','2024-04-03 07:46:34','2024-04-02 22:46:58'),(21,'https://j10s006.p.ssafy.io/images/image-removebg-preview%20(21).png','하양','상의','UID0017','2024-04-02 22:46:58','2024-04-02 22:46:58'),(22,'https://j10s006.p.ssafy.io/images/image-removebg-preview%20(22).png','청색','하의','UID0018','2024-04-02 22:46:58','2024-04-02 22:46:58');
/*!40000 ALTER TABLE `clothing_detail` ENABLE KEYS */;
UNLOCK TABLES;

--
-- Table structure for table `clothing_season`
--

DROP TABLE IF EXISTS `clothing_season`;
/*!40101 SET @saved_cs_client     = @@character_set_client */;
/*!50503 SET character_set_client = utf8mb4 */;
CREATE TABLE `clothing_season` (
  `season_id` int NOT NULL AUTO_INCREMENT,
  `clothing_connection_id` int NOT NULL,
  `month` int NOT NULL,
  `created_at` timestamp NOT NULL DEFAULT CURRENT_TIMESTAMP,
  `updated_at` timestamp NOT NULL DEFAULT CURRENT_TIMESTAMP,
  PRIMARY KEY (`season_id`),
  KEY `clothing_connection_id` (`clothing_connection_id`),
  CONSTRAINT `clothing_season_ibfk_1` FOREIGN KEY (`clothing_connection_id`) REFERENCES `user_clothing` (`clothing_connection_id`) ON DELETE CASCADE ON UPDATE CASCADE
) ENGINE=InnoDB AUTO_INCREMENT=3 DEFAULT CHARSET=utf8mb3;
/*!40101 SET character_set_client = @saved_cs_client */;

--
-- Dumping data for table `clothing_season`
--

LOCK TABLES `clothing_season` WRITE;
/*!40000 ALTER TABLE `clothing_season` DISABLE KEYS */;
INSERT INTO `clothing_season` VALUES (1,17,10,'2024-04-02 09:17:35','2024-04-02 09:17:35'),(2,17,6,'2024-04-02 09:17:35','2024-04-02 09:17:35');
/*!40000 ALTER TABLE `clothing_season` ENABLE KEYS */;
UNLOCK TABLES;

--
-- Table structure for table `clothing_style`
--

DROP TABLE IF EXISTS `clothing_style`;
/*!40101 SET @saved_cs_client     = @@character_set_client */;
/*!50503 SET character_set_client = utf8mb4 */;
CREATE TABLE `clothing_style` (
  `style_connection_id` bigint NOT NULL AUTO_INCREMENT,
  `style_id` int NOT NULL,
  `clothing_id` int NOT NULL,
  `created_at` timestamp NOT NULL DEFAULT CURRENT_TIMESTAMP,
  `updated_at` timestamp NOT NULL DEFAULT CURRENT_TIMESTAMP,
  PRIMARY KEY (`style_connection_id`),
  KEY `style_id` (`style_id`),
  KEY `clothing_id` (`clothing_id`),
  CONSTRAINT `clothing_style_ibfk_1` FOREIGN KEY (`style_id`) REFERENCES `style` (`style_id`),
  CONSTRAINT `clothing_style_ibfk_2` FOREIGN KEY (`clothing_id`) REFERENCES `clothing` (`clothing_id`)
) ENGINE=InnoDB AUTO_INCREMENT=20 DEFAULT CHARSET=utf8mb3;
/*!40101 SET character_set_client = @saved_cs_client */;

--
-- Dumping data for table `clothing_style`
--

LOCK TABLES `clothing_style` WRITE;
/*!40000 ALTER TABLE `clothing_style` DISABLE KEYS */;
INSERT INTO `clothing_style` VALUES (1,1,1,'2024-04-02 09:04:43','2024-04-02 09:04:43'),(2,1,2,'2024-04-02 09:04:43','2024-04-02 09:04:43'),(3,1,3,'2024-04-02 09:04:43','2024-04-02 09:04:43'),(4,1,4,'2024-04-02 09:04:43','2024-04-02 09:04:43'),(5,1,5,'2024-04-02 09:04:43','2024-04-02 09:04:43'),(6,1,6,'2024-04-02 09:04:43','2024-04-02 09:04:43'),(7,1,7,'2024-04-02 09:04:43','2024-04-02 09:04:43'),(8,1,8,'2024-04-02 09:04:43','2024-04-02 09:04:43'),(9,1,9,'2024-04-02 09:04:43','2024-04-02 09:04:43'),(10,1,10,'2024-04-02 09:04:43','2024-04-02 09:04:43'),(11,1,11,'2024-04-02 09:04:43','2024-04-02 09:04:43'),(12,1,12,'2024-04-02 09:04:43','2024-04-02 09:04:43'),(13,1,13,'2024-04-02 09:04:43','2024-04-02 09:04:43'),(14,1,14,'2024-04-02 09:04:43','2024-04-02 09:04:43'),(15,1,15,'2024-04-02 09:04:43','2024-04-02 09:04:43'),(16,1,16,'2024-04-02 09:04:43','2024-04-02 09:04:43'),(19,1,17,'2024-04-02 09:17:35','2024-04-02 09:17:35');
/*!40000 ALTER TABLE `clothing_style` ENABLE KEYS */;
UNLOCK TABLES;

--
-- Table structure for table `clothing_texture`
--

DROP TABLE IF EXISTS `clothing_texture`;
/*!40101 SET @saved_cs_client     = @@character_set_client */;
/*!50503 SET character_set_client = utf8mb4 */;
CREATE TABLE `clothing_texture` (
  `texture_connection_id` bigint NOT NULL AUTO_INCREMENT,
  `texture_id` int NOT NULL,
  `clothing_detail_id` bigint NOT NULL,
  `created_at` timestamp NOT NULL DEFAULT CURRENT_TIMESTAMP,
  `updated_at` timestamp NOT NULL DEFAULT CURRENT_TIMESTAMP,
  PRIMARY KEY (`texture_connection_id`),
  KEY `texture_id` (`texture_id`),
  KEY `clothing_detail_id` (`clothing_detail_id`),
  CONSTRAINT `clothing_texture_ibfk_1` FOREIGN KEY (`texture_id`) REFERENCES `texture` (`texture_id`),
  CONSTRAINT `clothing_texture_ibfk_2` FOREIGN KEY (`clothing_detail_id`) REFERENCES `clothing_detail` (`clothing_detail_id`)
) ENGINE=InnoDB AUTO_INCREMENT=24 DEFAULT CHARSET=utf8mb3;
/*!40101 SET character_set_client = @saved_cs_client */;

--
-- Dumping data for table `clothing_texture`
--

LOCK TABLES `clothing_texture` WRITE;
/*!40000 ALTER TABLE `clothing_texture` DISABLE KEYS */;
INSERT INTO `clothing_texture` VALUES (1,1,1,'2024-04-02 09:04:42','2024-04-02 09:04:42'),(2,1,2,'2024-04-02 09:04:42','2024-04-02 09:04:42'),(3,1,3,'2024-04-02 09:04:42','2024-04-02 09:04:42'),(4,1,4,'2024-04-02 09:04:42','2024-04-02 09:04:42'),(5,1,5,'2024-04-02 09:04:42','2024-04-02 09:04:42'),(6,1,6,'2024-04-02 09:04:42','2024-04-02 09:04:42'),(7,1,7,'2024-04-02 09:04:42','2024-04-02 09:04:42'),(8,1,8,'2024-04-02 09:04:42','2024-04-02 09:04:42'),(9,1,9,'2024-04-02 09:04:42','2024-04-02 09:04:42'),(10,1,10,'2024-04-02 09:04:42','2024-04-02 09:04:42'),(11,1,11,'2024-04-02 09:04:42','2024-04-02 09:04:42'),(12,1,12,'2024-04-02 09:04:42','2024-04-02 09:04:42'),(13,1,13,'2024-04-02 09:04:42','2024-04-02 09:04:42'),(14,1,14,'2024-04-02 09:04:42','2024-04-02 09:04:42'),(15,1,15,'2024-04-02 09:04:42','2024-04-02 09:04:42'),(16,1,16,'2024-04-02 09:04:42','2024-04-02 09:04:42'),(17,1,17,'2024-04-02 09:04:42','2024-04-02 09:04:42'),(19,1,18,'2024-04-02 09:17:35','2024-04-02 09:17:35'),(20,1,19,'2024-04-02 22:48:46','2024-04-02 22:48:46'),(21,1,20,'2024-04-02 22:48:46','2024-04-02 22:48:46'),(22,1,21,'2024-04-02 22:48:46','2024-04-02 22:48:46'),(23,1,22,'2024-04-02 22:48:46','2024-04-02 22:48:46');
/*!40000 ALTER TABLE `clothing_texture` ENABLE KEYS */;
UNLOCK TABLES;

--
-- Table structure for table `django_admin_log`
--

DROP TABLE IF EXISTS `django_admin_log`;
/*!40101 SET @saved_cs_client     = @@character_set_client */;
/*!50503 SET character_set_client = utf8mb4 */;
CREATE TABLE `django_admin_log` (
  `id` int NOT NULL AUTO_INCREMENT,
  `action_time` datetime(6) NOT NULL,
  `object_id` longtext,
  `object_repr` varchar(200) NOT NULL,
  `action_flag` smallint unsigned NOT NULL,
  `change_message` longtext NOT NULL,
  `content_type_id` int DEFAULT NULL,
  `user_id` int NOT NULL,
  PRIMARY KEY (`id`),
  KEY `django_admin_log_content_type_id_c4bce8eb_fk_django_co` (`content_type_id`),
  KEY `django_admin_log_user_id_c564eba6_fk_auth_user_id` (`user_id`),
  CONSTRAINT `django_admin_log_content_type_id_c4bce8eb_fk_django_co` FOREIGN KEY (`content_type_id`) REFERENCES `django_content_type` (`id`),
  CONSTRAINT `django_admin_log_user_id_c564eba6_fk_auth_user_id` FOREIGN KEY (`user_id`) REFERENCES `auth_user` (`id`),
  CONSTRAINT `django_admin_log_chk_1` CHECK ((`action_flag` >= 0))
) ENGINE=InnoDB DEFAULT CHARSET=utf8mb3;
/*!40101 SET character_set_client = @saved_cs_client */;

--
-- Dumping data for table `django_admin_log`
--

LOCK TABLES `django_admin_log` WRITE;
/*!40000 ALTER TABLE `django_admin_log` DISABLE KEYS */;
/*!40000 ALTER TABLE `django_admin_log` ENABLE KEYS */;
UNLOCK TABLES;

--
-- Table structure for table `django_apscheduler_djangojob`
--

DROP TABLE IF EXISTS `django_apscheduler_djangojob`;
/*!40101 SET @saved_cs_client     = @@character_set_client */;
/*!50503 SET character_set_client = utf8mb4 */;
CREATE TABLE `django_apscheduler_djangojob` (
  `id` varchar(255) NOT NULL,
  `next_run_time` datetime(6) DEFAULT NULL,
  `job_state` longblob NOT NULL,
  PRIMARY KEY (`id`),
  KEY `django_apscheduler_djangojob_next_run_time_2f022619` (`next_run_time`)
) ENGINE=InnoDB DEFAULT CHARSET=utf8mb3;
/*!40101 SET character_set_client = @saved_cs_client */;

--
-- Dumping data for table `django_apscheduler_djangojob`
--

LOCK TABLES `django_apscheduler_djangojob` WRITE;
/*!40000 ALTER TABLE `django_apscheduler_djangojob` DISABLE KEYS */;
/*!40000 ALTER TABLE `django_apscheduler_djangojob` ENABLE KEYS */;
UNLOCK TABLES;

--
-- Table structure for table `django_apscheduler_djangojobexecution`
--

DROP TABLE IF EXISTS `django_apscheduler_djangojobexecution`;
/*!40101 SET @saved_cs_client     = @@character_set_client */;
/*!50503 SET character_set_client = utf8mb4 */;
CREATE TABLE `django_apscheduler_djangojobexecution` (
  `id` bigint NOT NULL AUTO_INCREMENT,
  `status` varchar(50) NOT NULL,
  `run_time` datetime(6) NOT NULL,
  `duration` decimal(15,2) DEFAULT NULL,
  `finished` decimal(15,2) DEFAULT NULL,
  `exception` varchar(1000) DEFAULT NULL,
  `traceback` longtext,
  `job_id` varchar(255) NOT NULL,
  PRIMARY KEY (`id`),
  UNIQUE KEY `unique_job_executions` (`job_id`,`run_time`),
  KEY `django_apscheduler_djangojobexecution_run_time_16edd96b` (`run_time`),
  CONSTRAINT `django_apscheduler_djangojobexecution_job_id_daf5090a_fk` FOREIGN KEY (`job_id`) REFERENCES `django_apscheduler_djangojob` (`id`)
) ENGINE=InnoDB AUTO_INCREMENT=5 DEFAULT CHARSET=utf8mb3;
/*!40101 SET character_set_client = @saved_cs_client */;

--
-- Dumping data for table `django_apscheduler_djangojobexecution`
--

LOCK TABLES `django_apscheduler_djangojobexecution` WRITE;
/*!40000 ALTER TABLE `django_apscheduler_djangojobexecution` DISABLE KEYS */;
/*!40000 ALTER TABLE `django_apscheduler_djangojobexecution` ENABLE KEYS */;
UNLOCK TABLES;

--
-- Table structure for table `django_content_type`
--

DROP TABLE IF EXISTS `django_content_type`;
/*!40101 SET @saved_cs_client     = @@character_set_client */;
/*!50503 SET character_set_client = utf8mb4 */;
CREATE TABLE `django_content_type` (
  `id` int NOT NULL AUTO_INCREMENT,
  `app_label` varchar(100) NOT NULL,
  `model` varchar(100) NOT NULL,
  PRIMARY KEY (`id`),
  UNIQUE KEY `django_content_type_app_label_model_76bd3d3b_uniq` (`app_label`,`model`)
) ENGINE=InnoDB AUTO_INCREMENT=25 DEFAULT CHARSET=utf8mb3;
/*!40101 SET character_set_client = @saved_cs_client */;

--
-- Dumping data for table `django_content_type`
--

LOCK TABLES `django_content_type` WRITE;
/*!40000 ALTER TABLE `django_content_type` DISABLE KEYS */;
INSERT INTO `django_content_type` VALUES (19,'admin','logentry'),(21,'auth','group'),(20,'auth','permission'),(22,'auth','user'),(23,'contenttypes','contenttype'),(17,'django_apscheduler','djangojob'),(18,'django_apscheduler','djangojobexecution'),(1,'mlp','clothing'),(2,'mlp','clothingdetail'),(3,'mlp','clothingseason'),(4,'mlp','clothingstyle'),(5,'mlp','clothingtexture'),(6,'mlp','family'),(7,'mlp','pastoutfit'),(8,'mlp','recommendedoutfit'),(9,'mlp','schedule'),(10,'mlp','sido'),(11,'mlp','sigungu'),(12,'mlp','style'),(13,'mlp','texture'),(14,'mlp','user'),(15,'mlp','userclothing'),(16,'mlp','weather'),(24,'sessions','session');
/*!40000 ALTER TABLE `django_content_type` ENABLE KEYS */;
UNLOCK TABLES;

--
-- Table structure for table `django_migrations`
--

DROP TABLE IF EXISTS `django_migrations`;
/*!40101 SET @saved_cs_client     = @@character_set_client */;
/*!50503 SET character_set_client = utf8mb4 */;
CREATE TABLE `django_migrations` (
  `id` bigint NOT NULL AUTO_INCREMENT,
  `app` varchar(255) NOT NULL,
  `name` varchar(255) NOT NULL,
  `applied` datetime(6) NOT NULL,
  PRIMARY KEY (`id`)
) ENGINE=InnoDB AUTO_INCREMENT=29 DEFAULT CHARSET=utf8mb3;
/*!40101 SET character_set_client = @saved_cs_client */;

--
-- Dumping data for table `django_migrations`
--

LOCK TABLES `django_migrations` WRITE;
/*!40000 ALTER TABLE `django_migrations` DISABLE KEYS */;
INSERT INTO `django_migrations` VALUES (1,'contenttypes','0001_initial','2024-04-01 07:44:46.986179'),(2,'auth','0001_initial','2024-04-01 07:44:47.869021'),(3,'admin','0001_initial','2024-04-01 07:44:48.081439'),(4,'admin','0002_logentry_remove_auto_add','2024-04-01 07:44:48.093771'),(5,'admin','0003_logentry_add_action_flag_choices','2024-04-01 07:44:48.107542'),(6,'contenttypes','0002_remove_content_type_name','2024-04-01 07:44:48.213520'),(7,'auth','0002_alter_permission_name_max_length','2024-04-01 07:44:48.302018'),(8,'auth','0003_alter_user_email_max_length','2024-04-01 07:44:48.394043'),(9,'auth','0004_alter_user_username_opts','2024-04-01 07:44:48.408146'),(10,'auth','0005_alter_user_last_login_null','2024-04-01 07:44:48.487235'),(11,'auth','0006_require_contenttypes_0002','2024-04-01 07:44:48.492734'),(12,'auth','0007_alter_validators_add_error_messages','2024-04-01 07:44:48.504691'),(13,'auth','0008_alter_user_username_max_length','2024-04-01 07:44:48.594221'),(14,'auth','0009_alter_user_last_name_max_length','2024-04-01 07:44:48.689135'),(15,'auth','0010_alter_group_name_max_length','2024-04-01 07:44:48.770396'),(16,'auth','0011_update_proxy_permissions','2024-04-01 07:44:48.783524'),(17,'auth','0012_alter_user_first_name_max_length','2024-04-01 07:44:48.873145'),(18,'django_apscheduler','0001_initial','2024-04-01 07:44:49.067881'),(19,'django_apscheduler','0002_auto_20180412_0758','2024-04-01 07:44:49.137801'),(20,'django_apscheduler','0003_auto_20200716_1632','2024-04-01 07:44:49.165470'),(21,'django_apscheduler','0004_auto_20200717_1043','2024-04-01 07:44:49.438907'),(22,'django_apscheduler','0005_migrate_name_to_id','2024-04-01 07:44:49.456596'),(23,'django_apscheduler','0006_remove_djangojob_name','2024-04-01 07:44:49.521465'),(24,'django_apscheduler','0007_auto_20200717_1404','2024-04-01 07:44:49.604565'),(25,'django_apscheduler','0008_remove_djangojobexecution_started','2024-04-01 07:44:49.634542'),(26,'django_apscheduler','0009_djangojobexecution_unique_job_executions','2024-04-01 07:44:49.665132'),(27,'mlp','0001_initial','2024-04-01 07:44:49.682590'),(28,'sessions','0001_initial','2024-04-01 07:44:49.743937');
/*!40000 ALTER TABLE `django_migrations` ENABLE KEYS */;
UNLOCK TABLES;

--
-- Table structure for table `django_session`
--

DROP TABLE IF EXISTS `django_session`;
/*!40101 SET @saved_cs_client     = @@character_set_client */;
/*!50503 SET character_set_client = utf8mb4 */;
CREATE TABLE `django_session` (
  `session_key` varchar(40) NOT NULL,
  `session_data` longtext NOT NULL,
  `expire_date` datetime(6) NOT NULL,
  PRIMARY KEY (`session_key`),
  KEY `django_session_expire_date_a5c62663` (`expire_date`)
) ENGINE=InnoDB DEFAULT CHARSET=utf8mb3;
/*!40101 SET character_set_client = @saved_cs_client */;

--
-- Dumping data for table `django_session`
--

LOCK TABLES `django_session` WRITE;
/*!40000 ALTER TABLE `django_session` DISABLE KEYS */;
/*!40000 ALTER TABLE `django_session` ENABLE KEYS */;
UNLOCK TABLES;

--
-- Table structure for table `family`
--

DROP TABLE IF EXISTS `family`;
/*!40101 SET @saved_cs_client     = @@character_set_client */;
/*!50503 SET character_set_client = utf8mb4 */;
CREATE TABLE `family` (
  `family_id` int NOT NULL AUTO_INCREMENT,
  `washer_id` int NOT NULL,
  `air_dresser_id` int NOT NULL,
  PRIMARY KEY (`family_id`)
) ENGINE=InnoDB AUTO_INCREMENT=2 DEFAULT CHARSET=utf8mb3;
/*!40101 SET character_set_client = @saved_cs_client */;

--
-- Dumping data for table `family`
--

LOCK TABLES `family` WRITE;
/*!40000 ALTER TABLE `family` DISABLE KEYS */;
INSERT INTO `family` VALUES (1,1,1);
/*!40000 ALTER TABLE `family` ENABLE KEYS */;
UNLOCK TABLES;

--
-- Table structure for table `past_outfit`
--

DROP TABLE IF EXISTS `past_outfit`;
/*!40101 SET @saved_cs_client     = @@character_set_client */;
/*!50503 SET character_set_client = utf8mb4 */;
CREATE TABLE `past_outfit` (
  `past_outfit_id` bigint NOT NULL AUTO_INCREMENT,
  `schedule_id` bigint NOT NULL,
  `clothing_id` int NOT NULL,
  `created_at` timestamp NOT NULL DEFAULT CURRENT_TIMESTAMP,
  `updated_at` timestamp NOT NULL DEFAULT CURRENT_TIMESTAMP,
  PRIMARY KEY (`past_outfit_id`),
  KEY `schedule_id` (`schedule_id`),
  KEY `clothing_id` (`clothing_id`),
  CONSTRAINT `past_outfit_ibfk_1` FOREIGN KEY (`schedule_id`) REFERENCES `schedule` (`schedule_id`),
  CONSTRAINT `past_outfit_ibfk_2` FOREIGN KEY (`clothing_id`) REFERENCES `clothing` (`clothing_id`)
) ENGINE=InnoDB AUTO_INCREMENT=7 DEFAULT CHARSET=utf8mb3;
/*!40101 SET character_set_client = @saved_cs_client */;

--
-- Dumping data for table `past_outfit`
--

LOCK TABLES `past_outfit` WRITE;
/*!40000 ALTER TABLE `past_outfit` DISABLE KEYS */;
INSERT INTO `past_outfit` VALUES (3,7,2,'2024-04-02 12:08:56','2024-04-02 12:08:56'),(4,7,3,'2024-04-02 12:08:56','2024-04-02 12:08:56');
/*!40000 ALTER TABLE `past_outfit` ENABLE KEYS */;
UNLOCK TABLES;

--
-- Table structure for table `recommended_outfit`
--

DROP TABLE IF EXISTS `recommended_outfit`;
/*!40101 SET @saved_cs_client     = @@character_set_client */;
/*!50503 SET character_set_client = utf8mb4 */;
CREATE TABLE `recommended_outfit` (
  `recommended_outfit_id` bigint NOT NULL AUTO_INCREMENT,
  `schedule_id` bigint NOT NULL,
  `clothing_id` int NOT NULL,
  `x` int NOT NULL,
  `y` int NOT NULL,
  `width` int NOT NULL,
  `height` int NOT NULL,
  `created_at` timestamp NOT NULL DEFAULT CURRENT_TIMESTAMP,
  `updated_at` timestamp NOT NULL DEFAULT CURRENT_TIMESTAMP,
  PRIMARY KEY (`recommended_outfit_id`),
  KEY `clothing_id` (`clothing_id`),
  KEY `schedule_id` (`schedule_id`),
  CONSTRAINT `recommended_outfit_ibfk_1` FOREIGN KEY (`clothing_id`) REFERENCES `clothing` (`clothing_id`),
  CONSTRAINT `recommended_outfit_ibfk_2` FOREIGN KEY (`schedule_id`) REFERENCES `schedule` (`schedule_id`)
) ENGINE=InnoDB AUTO_INCREMENT=22 DEFAULT CHARSET=utf8mb3;
/*!40101 SET character_set_client = @saved_cs_client */;

--
-- Dumping data for table `recommended_outfit`
--

LOCK TABLES `recommended_outfit` WRITE;
/*!40000 ALTER TABLE `recommended_outfit` DISABLE KEYS */;
INSERT INTO `recommended_outfit` VALUES (1,1,8,73,-38,239,239,'2024-04-02 09:08:41','2024-04-02 09:08:41'),(2,1,12,71,109,246,246,'2024-04-02 09:08:41','2024-04-02 09:08:41'),(8,4,3,110,97,198,198,'2024-04-02 11:43:03','2024-04-02 11:43:03'),(9,4,9,76,-58,261,261,'2024-04-02 11:43:03','2024-04-02 11:43:03'),(12,6,12,112,115,191,191,'2024-04-02 11:54:19','2024-04-02 11:54:19'),(13,6,17,128,-1,160,160,'2024-04-02 11:54:19','2024-04-02 11:54:19'),(14,7,2,108,-36,231,231,'2024-04-02 12:06:38','2024-04-02 12:06:38'),(15,7,3,143,115,160,160,'2024-04-02 12:06:38','2024-04-02 12:06:38'),(16,8,7,71,94,231,231,'2024-04-02 13:46:19','2024-04-02 13:46:19'),(17,8,8,70,-45,232,232,'2024-04-02 13:46:19','2024-04-02 13:46:19'),(20,10,19,66,-43,230,230,'2024-04-02 22:55:36','2024-04-02 22:55:36'),(21,10,20,61,115,238,238,'2024-04-02 22:55:36','2024-04-02 22:55:36');
/*!40000 ALTER TABLE `recommended_outfit` ENABLE KEYS */;
UNLOCK TABLES;

--
-- Table structure for table `schedule`
--

DROP TABLE IF EXISTS `schedule`;
/*!40101 SET @saved_cs_client     = @@character_set_client */;
/*!50503 SET character_set_client = utf8mb4 */;
CREATE TABLE `schedule` (
  `schedule_id` bigint NOT NULL AUTO_INCREMENT,
  `user_id` int NOT NULL,
  `weather_id` bigint DEFAULT NULL,
  `schedule_name` varchar(20) NOT NULL,
  `schedule_category` varchar(20) NOT NULL,
  `date` timestamp NOT NULL DEFAULT CURRENT_TIMESTAMP,
  `location_key` int NOT NULL,
  `outfit_image_path` varchar(200) NOT NULL,
  `schedule_disabled` tinyint(1) NOT NULL DEFAULT '0',
  `created_at` timestamp NOT NULL DEFAULT CURRENT_TIMESTAMP,
  `updated_at` timestamp NOT NULL DEFAULT CURRENT_TIMESTAMP,
  PRIMARY KEY (`schedule_id`),
  KEY `user_id` (`user_id`),
  KEY `weather_id` (`weather_id`),
  CONSTRAINT `schedule_ibfk_1` FOREIGN KEY (`user_id`) REFERENCES `user` (`user_id`),
  CONSTRAINT `schedule_ibfk_2` FOREIGN KEY (`weather_id`) REFERENCES `weather` (`weather_id`)
) ENGINE=InnoDB AUTO_INCREMENT=11 DEFAULT CHARSET=utf8mb3;
/*!40101 SET character_set_client = @saved_cs_client */;

--
-- Dumping data for table `schedule`
--

LOCK TABLES `schedule` WRITE;
/*!40000 ALTER TABLE `schedule` DISABLE KEYS */;
INSERT INTO `schedule` VALUES (1,1,1,'남자친구랑 데이트❤️','데이트','2024-04-01 00:00:00',226003,'https://j10s006.p.ssafy.io/outfit/a003be22-493f-4301-853c-e9d2798da1af.png',0,'2024-04-01 09:08:41','2024-04-01 09:08:41'),(4,1,1363,'지현이 졸업식','졸업식','2024-03-31 00:00:00',226003,'https://j10s006.p.ssafy.io/outfit/0ff4c55b-3a0c-455b-a963-1da1cb51a14c.png',0,'2024-04-02 11:43:03','2024-04-02 11:43:03'),(6,1,1364,'소개팅','소개팅','2024-03-30 00:00:00',226003,'https://j10s006.p.ssafy.io/outfit/863eee05-c002-48cf-a007-ef1311cdf93e.png',0,'2024-04-02 11:54:19','2024-04-02 11:54:19'),(7,1,1365,'','여행','2024-03-29 00:00:00',226003,'https://j10s006.p.ssafy.io/outfit/3d6a36c5-2155-460f-b05e-345ec9f5e639.png',0,'2024-04-02 12:06:38','2024-04-02 12:06:38'),(8,1,2,'수원 여행','여행','2024-04-02 00:00:00',226003,'https://j10s006.p.ssafy.io/outfit/e8de55de-d84b-409f-a983-41ef1c9ac005.png',0,'2024-04-02 13:46:19','2024-04-02 13:46:19'),(10,1,3,'수원 발표회','일상','2024-04-03 00:00:00',226003,'https://j10s006.p.ssafy.io/outfit/03656f30-91a7-4bcc-aed6-7e0f4d1a4c20.png',0,'2024-04-02 22:55:36','2024-04-02 22:55:36');
/*!40000 ALTER TABLE `schedule` ENABLE KEYS */;
UNLOCK TABLES;

--
-- Table structure for table `si_do`
--

DROP TABLE IF EXISTS `si_do`;
/*!40101 SET @saved_cs_client     = @@character_set_client */;
/*!50503 SET character_set_client = utf8mb4 */;
CREATE TABLE `si_do` (
  `si_do_id` int NOT NULL AUTO_INCREMENT,
  `si_do_name` varchar(20) NOT NULL,
  PRIMARY KEY (`si_do_id`)
) ENGINE=InnoDB AUTO_INCREMENT=18 DEFAULT CHARSET=utf8mb3;
/*!40101 SET character_set_client = @saved_cs_client */;

--
-- Dumping data for table `si_do`
--

LOCK TABLES `si_do` WRITE;
/*!40000 ALTER TABLE `si_do` DISABLE KEYS */;
INSERT INTO `si_do` VALUES (1,'서울'),(2,'부산'),(3,'대구'),(4,'인천'),(5,'광주'),(6,'대전'),(7,'울산'),(8,'세종특별자치시'),(9,'경기'),(10,'강원'),(11,'충북'),(12,'충남'),(13,'전북'),(14,'전남'),(15,'경북'),(16,'경남'),(17,'제주특별자치도');
/*!40000 ALTER TABLE `si_do` ENABLE KEYS */;
UNLOCK TABLES;

--
-- Table structure for table `si_gun_gu`
--

DROP TABLE IF EXISTS `si_gun_gu`;
/*!40101 SET @saved_cs_client     = @@character_set_client */;
/*!50503 SET character_set_client = utf8mb4 */;
CREATE TABLE `si_gun_gu` (
  `si_gun_gu_id` int NOT NULL AUTO_INCREMENT,
  `si_do_id` int NOT NULL,
  `si_gun_gu_name` varchar(20) NOT NULL,
  `location_key` int NOT NULL,
  PRIMARY KEY (`si_gun_gu_id`),
  KEY `si_do_id` (`si_do_id`),
  CONSTRAINT `si_gun_gu_ibfk_1` FOREIGN KEY (`si_do_id`) REFERENCES `si_do` (`si_do_id`)
) ENGINE=InnoDB AUTO_INCREMENT=228 DEFAULT CHARSET=utf8mb3;
/*!40101 SET character_set_client = @saved_cs_client */;

--
-- Dumping data for table `si_gun_gu`
--

LOCK TABLES `si_gun_gu` WRITE;
/*!40000 ALTER TABLE `si_gun_gu` DISABLE KEYS */;
INSERT INTO `si_gun_gu` VALUES (1,1,'종로구',226003),(2,1,'중구',226007),(3,1,'용산구',226008),(4,1,'성동구',226005),(5,1,'광진구',2330439),(6,1,'동대문구',226004),(7,1,'중랑구',2330440),(8,1,'성북구',2330443),(9,1,'강북구',2330434),(10,1,'도봉구',2330432),(11,1,'노원구',2330441),(12,1,'은평구',226080),(13,1,'서대문구',226002),(14,1,'마포구',226010),(15,1,'양천구',1830319),(16,1,'강서구',2330435),(17,1,'구로구',2330437),(18,1,'금천구',2330436),(19,1,'영등포구',226009),(20,1,'동작구',2330433),(21,1,'관악구',2330438),(22,1,'서초구',2330442),(23,1,'강남구',226001),(24,1,'송파구',2330444),(25,1,'강동구',226006),(26,2,'중구',2330370),(27,2,'서구',222854),(28,2,'동구',2330369),(29,2,'영도구',222848),(30,2,'부산진구',222852),(31,2,'동래구',222878),(32,2,'남구',222883),(33,2,'북구',222850),(34,2,'해운대구',222857),(35,2,'사하구',222855),(36,2,'금정구',222849),(37,2,'강서구',222858),(38,2,'연제구',2330371),(39,2,'수영구',222856),(40,2,'사상구',222851),(41,2,'기장군',222862),(42,3,'중구',2330384),(43,3,'동구',223346),(44,3,'서구',2330386),(45,3,'남구',2330385),(46,3,'북구',2330381),(47,3,'수성구',2330387),(48,3,'달서구',2330382),(49,3,'달성군',2330383),(50,4,'중구',2330424),(51,4,'동구',2330423),(52,4,'미추홀구',224030),(53,4,'연수구',2330427),(54,4,'남동구',2330425),(55,4,'부평구',2330422),(56,4,'계양구',1830087),(57,4,'서구',2330426),(58,4,'강화군',224031),(59,4,'옹진군',3353997),(60,5,'동구',2330394),(61,5,'서구',2330397),(62,5,'남구',2330396),(63,5,'북구',2330393),(64,5,'광산구',2330395),(65,6,'동구',2330389),(66,6,'중구',2330390),(67,6,'서구',2330391),(68,6,'유성구',1315057),(69,6,'대덕구',2330388),(70,7,'중구',2330445),(71,7,'남구',2330446),(72,7,'동구',226448),(73,7,'북구',226439),(74,7,'울주군',2330447),(75,8,'세종시',2330368),(76,9,'수원시',223670),(77,9,'성남시',223672),(78,9,'고양시',498),(79,9,'용인시',223639),(80,9,'부천시',223671),(81,9,'안산시',223641),(82,9,'안양시',223640),(83,9,'남양주시',223649),(84,9,'화성시',223650),(85,9,'평택시',223646),(86,9,'의정부시',223648),(87,9,'시흥시',223647),(88,9,'파주시',223659),(89,9,'광명시',223645),(90,9,'김포시',223636),(91,9,'군포시',223643),(92,9,'광주시',223637),(93,9,'이천시',223642),(94,9,'양주시',2330414),(95,9,'오산시',223634),(96,9,'구리시',223644),(97,9,'안성시',223632),(98,9,'포천시',2330409),(99,9,'의왕시',223635),(100,9,'하남시',223633),(101,9,'여주시',223656),(102,9,'양평군',1315396),(103,9,'가평군',223652),(104,9,'연천군',223667),(105,10,'춘천시',223554),(106,10,'원주시',223559),(107,10,'강릉시',223558),(108,10,'동해시',223557),(109,10,'태백시',223569),(110,10,'속초시',223556),(111,10,'삼척시',223555),(112,10,'홍천군',223564),(113,10,'횡성군',223561),(114,10,'영월군',223572),(115,10,'평창군',223567),(116,10,'정선군',223576),(117,10,'철원군',223560),(118,10,'화천군',223565),(119,10,'양구군',223595),(120,10,'인제군',223593),(121,10,'고성군',2330392),(122,10,'양양군',223571),(123,11,'청주시',223115),(124,11,'충주시',223117),(125,11,'제천시',223116),(126,11,'보은군',223122),(127,11,'옥천군',223132),(128,11,'영동군',223120),(129,11,'증평군',2330373),(130,11,'진천군',223118),(131,11,'괴산군',223129),(132,11,'음성군',223119),(133,11,'단양군',223137),(134,12,'천안시',223148),(135,12,'공주시',223143),(136,12,'보령시',2330375),(137,12,'아산시',223147),(138,12,'서산시',223146),(139,12,'논산시',223145),(140,12,'계룡시',2330378),(141,12,'당진시',223184),(142,12,'금산군',223152),(143,12,'부여군',223154),(144,12,'서천군',223156),(145,12,'청양군',223159),(146,12,'홍성군',223151),(147,12,'예산군',223158),(148,12,'태안군',2330380),(149,13,'전주시',223078),(150,13,'군산시',223083),(151,13,'익산시',223082),(152,13,'정읍시',223080),(153,13,'남원시',223081),(154,13,'김제시',223079),(155,13,'완주군',2330428),(156,13,'진안군',223084),(157,13,'무주군',223090),(158,13,'장수군',223093),(159,13,'임실군',223097),(160,13,'순창군',223112),(161,13,'고창군',223089),(162,13,'부안군',223086),(163,14,'목포시',224257),(164,14,'여수시',224259),(165,14,'순천시',224258),(166,14,'나주시',224256),(167,14,'광양시',224255),(168,14,'담양군',224270),(169,14,'곡성군',224267),(170,14,'구례군',224297),(171,14,'고흥군',224342),(172,14,'보성군',224269),(173,14,'화순군',224341),(174,14,'장흥군',224264),(175,14,'강진군',224262),(176,14,'해남군',224266),(177,14,'영암군',224273),(178,14,'무안군',224344),(179,14,'함평군',224261),(180,14,'영광군',224338),(181,14,'장성군',2330430),(182,14,'완도군',224271),(183,14,'진도군',224260),(184,14,'신안군',2330431),(185,15,'포항시',223682),(186,15,'경주시',223681),(187,15,'김천시',223673),(188,15,'안동시',223679),(189,15,'구미시',223680),(190,15,'영주시',223677),(191,15,'영천시',223675),(192,15,'상주시',223676),(193,15,'문경시',223674),(194,15,'경산시',223678),(195,15,'군위군',223730),(196,15,'의성군',223693),(197,15,'청송군',223700),(198,15,'영양군',223774),(199,15,'영덕군',223692),(200,15,'청도군',223699),(201,15,'고령군',223726),(202,15,'성주군',223756),(203,15,'칠곡군',2330417),(204,15,'예천군',223691),(205,15,'봉화군',223694),(206,15,'울진군',223690),(207,15,'울릉군',226438),(208,16,'창원시',223791),(209,16,'진주시',223798),(210,16,'통영시',223796),(211,16,'사천시',223795),(212,16,'김해시',223799),(213,16,'밀양시',223793),(214,16,'거제시',223797),(215,16,'양산시',223801),(216,16,'의령군',223851),(217,16,'함안군',223820),(218,16,'창녕군',223802),(219,16,'고성군',223810),(220,16,'남해군',223858),(221,16,'하동군',223803),(222,16,'산청군',223805),(223,16,'함양군',223808),(224,16,'거창군',223804),(225,16,'합천군',223821),(226,17,'제주시',224209),(227,17,'서귀포시',224210);
/*!40000 ALTER TABLE `si_gun_gu` ENABLE KEYS */;
UNLOCK TABLES;

--
-- Table structure for table `style`
--

DROP TABLE IF EXISTS `style`;
/*!40101 SET @saved_cs_client     = @@character_set_client */;
/*!50503 SET character_set_client = utf8mb4 */;
CREATE TABLE `style` (
  `style_id` int NOT NULL AUTO_INCREMENT,
  `style_name` varchar(20) NOT NULL,
  `created_at` timestamp NOT NULL DEFAULT CURRENT_TIMESTAMP,
  `updated_at` timestamp NOT NULL DEFAULT CURRENT_TIMESTAMP,
  PRIMARY KEY (`style_id`)
) ENGINE=InnoDB AUTO_INCREMENT=12 DEFAULT CHARSET=utf8mb3;
/*!40101 SET character_set_client = @saved_cs_client */;

--
-- Dumping data for table `style`
--

LOCK TABLES `style` WRITE;
/*!40000 ALTER TABLE `style` DISABLE KEYS */;
INSERT INTO `style` VALUES (1,'캐주얼','2024-04-01 07:08:22','2024-04-01 07:08:22'),(2,'러블리','2024-04-01 07:08:22','2024-04-01 07:08:22'),(3,'아메카지','2024-04-01 07:08:22','2024-04-01 07:08:22'),(4,'시크','2024-04-01 07:08:22','2024-04-01 07:08:22'),(5,'댄디','2024-04-01 07:08:22','2024-04-01 07:08:22'),(6,'걸리시','2024-04-01 07:08:22','2024-04-01 07:08:22'),(7,'스포티','2024-04-01 07:08:22','2024-04-01 07:08:22'),(8,'레트로','2024-04-01 07:08:22','2024-04-01 07:08:22'),(9,'로맨틱','2024-04-01 07:08:22','2024-04-01 07:08:22'),(10,'하이틴','2024-04-01 07:08:22','2024-04-01 07:08:22'),(11,'미니멀','2024-04-01 07:08:22','2024-04-01 07:08:22');
/*!40000 ALTER TABLE `style` ENABLE KEYS */;
UNLOCK TABLES;

--
-- Table structure for table `texture`
--

DROP TABLE IF EXISTS `texture`;
/*!40101 SET @saved_cs_client     = @@character_set_client */;
/*!50503 SET character_set_client = utf8mb4 */;
CREATE TABLE `texture` (
  `texture_id` int NOT NULL AUTO_INCREMENT,
  `texture_name` varchar(20) NOT NULL,
  `created_at` timestamp NOT NULL DEFAULT CURRENT_TIMESTAMP,
  `updated_at` timestamp NOT NULL DEFAULT CURRENT_TIMESTAMP,
  PRIMARY KEY (`texture_id`)
) ENGINE=InnoDB AUTO_INCREMENT=13 DEFAULT CHARSET=utf8mb3;
/*!40101 SET character_set_client = @saved_cs_client */;

--
-- Dumping data for table `texture`
--

LOCK TABLES `texture` WRITE;
/*!40000 ALTER TABLE `texture` DISABLE KEYS */;
INSERT INTO `texture` VALUES (1,'면','2024-04-01 07:08:01','2024-04-01 07:08:01'),(2,'폴리에스테르','2024-04-01 07:08:01','2024-04-01 07:08:01'),(3,'레이온','2024-04-01 07:08:01','2024-04-01 07:08:01'),(4,'기모','2024-04-01 07:08:01','2024-04-01 07:08:01'),(5,'텐셀','2024-04-01 07:08:01','2024-04-01 07:08:01'),(6,'아크릴','2024-04-01 07:08:01','2024-04-01 07:08:01'),(7,'울','2024-04-01 07:08:01','2024-04-01 07:08:01'),(8,'캐시미어','2024-04-01 07:08:01','2024-04-01 07:08:01'),(9,'쉬폰','2024-04-01 07:08:01','2024-04-01 07:08:01'),(10,'코듀로이','2024-04-01 07:08:01','2024-04-01 07:08:01'),(11,'옥스포드','2024-04-01 07:08:01','2024-04-01 07:08:01'),(12,'트위드','2024-04-01 07:08:01','2024-04-01 07:08:01');
/*!40000 ALTER TABLE `texture` ENABLE KEYS */;
UNLOCK TABLES;

--
-- Table structure for table `user`
--

DROP TABLE IF EXISTS `user`;
/*!40101 SET @saved_cs_client     = @@character_set_client */;
/*!50503 SET character_set_client = utf8mb4 */;
CREATE TABLE `user` (
  `user_id` int NOT NULL AUTO_INCREMENT,
  `family_id` int NOT NULL,
  `email` varchar(50) NOT NULL,
  `password` varchar(20) NOT NULL,
  `user_name` varchar(20) NOT NULL,
  `profile_img_path` varchar(200) NOT NULL,
  `created_at` timestamp NOT NULL DEFAULT CURRENT_TIMESTAMP,
  `updated_at` timestamp NOT NULL DEFAULT CURRENT_TIMESTAMP,
  `age` int NOT NULL,
  `gender` varchar(10) NOT NULL,
  `fcm_token` varchar(200) DEFAULT NULL,
  PRIMARY KEY (`user_id`),
  KEY `family_id` (`family_id`),
  CONSTRAINT `user_ibfk_1` FOREIGN KEY (`family_id`) REFERENCES `family` (`family_id`)
) ENGINE=InnoDB AUTO_INCREMENT=5 DEFAULT CHARSET=utf8mb3;
/*!40101 SET character_set_client = @saved_cs_client */;

--
-- Dumping data for table `user`
--

LOCK TABLES `user` WRITE;
/*!40000 ALTER TABLE `user` DISABLE KEYS */;
INSERT INTO `user` VALUES (1,1,'user1','user1','김승희','https://j10s006.p.ssafy.io/profile/profile8.png','2024-04-01 07:05:35','2024-04-01 07:05:35',26,'여자','c2jKGsY19tfH2TlVPZnYIu:APA91bHeHvis7anCTYJ9GnOyw0JVVG16oIBnUfWcGlcH51nYpsiyW8NjXPduN_TJ0tZDyTDsQbidrB6hRI_UqIMbER3hgBhnO7AvA7yglpN_HGAJ1pSqq4lMNGbnubRp-7cdDCAQ4Xnt'),(2,1,'user2','user2','김지현','https://j10s006.p.ssafy.io/profile/profile6.png','2024-04-01 07:05:35','2024-04-01 07:05:35',27,'여자','cJxv_sShQl8p0Jcc08B_Jy:APA91bFPdyli1rJEU6pMKLJkV3TMVO9zF4eIBKTwd_ZB4HK3xB17n3L2V1F8-qt70LSmAe9e8v8EM2cwRV-3RVW68rHZaVFMp0qmFjLTQ4jKY1Ldpg59YGb95coxH71IpPuZc9I2yVD0'),(3,1,'user3','user3','김영래','https://j10s006.p.ssafy.io/profile/profile7.png','2024-04-01 07:05:35','2024-04-01 07:05:35',57,'남자','cJxv_sShQl8p0Jcc08B_Jy:APA91bFPdyli1rJEU6pMKLJkV3TMVO9zF4eIBKTwd_ZB4HK3xB17n3L2V1F8-qt70LSmAe9e8v8EM2cwRV-3RVW68rHZaVFMp0qmFjLTQ4jKY1Ldpg59YGb95coxH71IpPuZc9I2yVD0'),(4,1,'user4','user4','안희경','https://j10s006.p.ssafy.io/profile/profile9.png','2024-04-01 08:18:47','2024-04-01 08:18:47',30,'여자',NULL);
/*!40000 ALTER TABLE `user` ENABLE KEYS */;
UNLOCK TABLES;

--
-- Table structure for table `user_clothing`
--

DROP TABLE IF EXISTS `user_clothing`;
/*!40101 SET @saved_cs_client     = @@character_set_client */;
/*!50503 SET character_set_client = utf8mb4 */;
CREATE TABLE `user_clothing` (
  `clothing_connection_id` int NOT NULL AUTO_INCREMENT,
  `user_id` int NOT NULL,
  `clothing_id` int NOT NULL,
  `clothing_name` varchar(20) NOT NULL,
  `accrue_worn_count` int NOT NULL,
  `created_at` timestamp NOT NULL DEFAULT CURRENT_TIMESTAMP,
  `updated_at` timestamp NOT NULL DEFAULT CURRENT_TIMESTAMP,
  `user_clothing_disabled` tinyint(1) NOT NULL DEFAULT '0',
  PRIMARY KEY (`clothing_connection_id`),
  KEY `user_id` (`user_id`),
  KEY `clothing_id` (`clothing_id`),
  CONSTRAINT `user_clothing_ibfk_1` FOREIGN KEY (`user_id`) REFERENCES `user` (`user_id`),
  CONSTRAINT `user_clothing_ibfk_2` FOREIGN KEY (`clothing_id`) REFERENCES `clothing` (`clothing_id`)
) ENGINE=InnoDB AUTO_INCREMENT=24 DEFAULT CHARSET=utf8mb3;
/*!40101 SET character_set_client = @saved_cs_client */;

--
-- Dumping data for table `user_clothing`
--

LOCK TABLES `user_clothing` WRITE;
/*!40000 ALTER TABLE `user_clothing` DISABLE KEYS */;
INSERT INTO `user_clothing` VALUES (1,1,1,'핑크 체크 남방',0,'2024-04-02 09:04:43','2024-04-02 09:04:43',0),(2,1,2,'마땡큄 자켓',0,'2024-04-02 09:04:43','2024-04-02 09:04:43',0),(3,1,3,'블랙 캉캉치마',0,'2024-04-02 09:04:43','2024-04-02 09:04:43',0),(4,1,4,'핑크 퍼 귀욤 자켓',0,'2024-04-02 09:04:43','2024-04-02 09:04:43',0),(5,1,5,'블랙 츄리닝 바지',0,'2024-04-02 09:04:43','2024-04-02 09:04:43',0),(6,1,6,'힙스터 츄리닝 바지',0,'2024-04-02 09:04:43','2024-04-02 09:04:43',0),(7,1,7,'내 최애 핑크 바지',0,'2024-04-02 09:04:43','2024-04-02 09:04:43',0),(8,1,8,'아이보리 맨투맨',0,'2024-04-02 09:04:43','2024-04-02 09:04:43',0),(9,1,9,'스트라이프 반집업',0,'2024-04-02 09:04:43','2024-04-02 09:04:43',0),(10,1,10,'하늘색 운동 아우터',0,'2024-04-02 09:04:43','2024-04-02 09:04:43',0),(11,1,11,'회색 운동 아우터',0,'2024-04-02 09:04:43','2024-04-02 09:04:43',0),(12,1,12,'흰색 캉캉 치마',0,'2024-04-02 09:04:43','2024-04-02 09:04:43',0),(13,1,13,'레더 자켓',0,'2024-04-02 09:04:43','2024-04-02 09:04:43',0),(14,1,14,'힙 블랙 맨투맨',0,'2024-04-02 09:04:43','2024-04-02 09:04:43',0),(15,1,15,'네이비 단정티',0,'2024-04-02 09:04:43','2024-04-02 09:04:43',0),(16,1,16,'블랙 심플 반팔티',0,'2024-04-02 09:04:43','2024-04-02 09:04:43',0),(17,1,17,'흰색 반집업',0,'2024-04-02 09:04:43','2024-04-02 09:04:43',0),(19,1,19,'회색 카라니트',0,'2024-04-02 22:51:54','2024-04-02 22:51:54',0),(20,1,20,'검정 슬랙스',0,'2024-04-02 22:51:54','2024-04-02 22:51:54',0),(21,1,21,'흰색 셔츠',0,'2024-04-02 22:51:54','2024-04-02 22:51:54',0),(22,1,22,'페이보릿 청바지',0,'2024-04-02 22:51:55','2024-04-02 22:51:55',0);
/*!40000 ALTER TABLE `user_clothing` ENABLE KEYS */;
UNLOCK TABLES;

--
-- Table structure for table `weather`
--

DROP TABLE IF EXISTS `weather`;
/*!40101 SET @saved_cs_client     = @@character_set_client */;
/*!50503 SET character_set_client = utf8mb4 */;
CREATE TABLE `weather` (
  `weather_id` bigint NOT NULL AUTO_INCREMENT,
  `location_key` int NOT NULL,
  `icon` int NOT NULL,
  `lowest_temperature` double NOT NULL,
  `highest_temperature` double NOT NULL,
  `highest_real_feeling_temperature` double NOT NULL,
  `lowest_real_feeling_temperature` double NOT NULL,
  `precipitation` double NOT NULL,
  `snow_cover` double NOT NULL,
  `humidity` double NOT NULL,
  `wind_speed` double NOT NULL,
  `solar_Irradiance` double NOT NULL,
  `uv` double NOT NULL,
  `uv_message` varchar(20) NOT NULL,
  `created_at` timestamp NOT NULL DEFAULT CURRENT_TIMESTAMP,
  `updated_at` timestamp NOT NULL DEFAULT CURRENT_TIMESTAMP,
  `date` timestamp NOT NULL,
  PRIMARY KEY (`weather_id`)
) ENGINE=InnoDB AUTO_INCREMENT=1374 DEFAULT CHARSET=utf8mb3;
/*!40101 SET character_set_client = @saved_cs_client */;

--
-- Dumping data for table `weather`
--

LOCK TABLES `weather` WRITE;
/*!40000 ALTER TABLE `weather` DISABLE KEYS */;
INSERT INTO `weather` VALUES (1,226003,6,3,18.7,2.6,21.3,0,0,27,11.1,7032.7,7,'해로움 (민감 그룹)','2024-04-01 08:06:52','2024-04-01 08:06:52','2024-04-01 00:00:00'),(2,226003,6,11.6,23.8,10.7,24.8,0,0,30,7.4,3443.6,5,'보통','2024-04-01 08:06:52','2024-04-01 08:06:52','2024-04-02 00:00:00'),(3,226003,4,6.8,19.3,7,21.9,0,0,52,5.6,714.5,3,'보통','2024-04-01 08:06:52','2024-04-01 08:06:52','2024-04-03 00:00:00'),(4,226003,6,6.2,20.1,9,23.7,0,0,42,7.4,6681,7,'해로움 (민감 그룹)','2024-04-01 08:06:52','2024-04-01 08:06:52','2024-04-04 00:00:00'),(5,226003,1,6.9,18.6,8.8,22.5,0,0,42,5.6,7346.6,7,'해로움 (민감 그룹)','2024-04-01 08:06:52','2024-04-01 08:06:52','2024-04-05 00:00:00'),(6,226007,6,3.2,19.1,3.7,21.7,0,0,27,11.1,7033.2,7,'해로움 (민감 그룹)','2024-04-01 08:06:53','2024-04-01 08:06:53','2024-04-01 00:00:00'),(7,226007,6,10.7,24.2,8.7,25.4,0.5,0,31,9.3,3842,5,'보통','2024-04-01 08:06:53','2024-04-01 08:06:53','2024-04-02 00:00:00'),(8,226007,4,7.1,19,7.1,21.8,0,0,55,5.6,759.4,3,'보통','2024-04-01 08:06:53','2024-04-01 08:06:53','2024-04-03 00:00:00'),(9,226007,3,6,20.1,8.9,23.7,0,0,45,7.4,6899.9,7,'해로움 (민감 그룹)','2024-04-01 08:06:53','2024-04-01 08:06:53','2024-04-04 00:00:00'),(10,226007,1,6.2,19,8.2,22.7,0,0,43,7.4,7350.6,7,'해로움 (민감 그룹)','2024-04-01 08:06:53','2024-04-01 08:06:53','2024-04-05 00:00:00'),(11,226008,6,2.8,18.9,2.5,21.8,0,0,28,9.3,7037.1,7,'해로움 (민감 그룹)','2024-04-01 08:06:53','2024-04-01 08:06:53','2024-04-01 00:00:00'),(12,226008,6,11.3,23.8,10.1,25.7,0,0,30,9.3,4259.9,5,'보통','2024-04-01 08:06:53','2024-04-01 08:06:53','2024-04-02 00:00:00'),(13,226008,4,6.9,18.5,5.3,20.9,0,0,57,7.4,688.8,3,'보통','2024-04-01 08:06:53','2024-04-01 08:06:53','2024-04-03 00:00:00'),(14,226008,2,6.4,19.7,8.5,23.3,0,0,46,7.4,7064.9,7,'해로움 (민감 그룹)','2024-04-01 08:06:53','2024-04-01 08:06:53','2024-04-04 00:00:00'),(15,226008,1,6.5,18.4,8.3,22,0,0,44,7.4,7350.5,7,'해로움 (민감 그룹)','2024-04-01 08:06:53','2024-04-01 08:06:53','2024-04-05 00:00:00'),(16,226005,6,3.2,19.1,3.7,21.7,0,0,27,11.1,7033.2,7,'해로움 (민감 그룹)','2024-04-01 08:06:53','2024-04-01 08:06:53','2024-04-01 00:00:00'),(17,226005,6,10.7,24.2,8.7,25.4,0.5,0,31,9.3,3842,5,'보통','2024-04-01 08:06:54','2024-04-01 08:06:54','2024-04-02 00:00:00'),(18,226005,4,7.1,19,7.1,21.8,0,0,55,5.6,759.4,3,'보통','2024-04-01 08:06:54','2024-04-01 08:06:54','2024-04-03 00:00:00'),(19,226005,3,6,20.1,8.9,23.7,0,0,45,7.4,6899.9,7,'해로움 (민감 그룹)','2024-04-01 08:06:54','2024-04-01 08:06:54','2024-04-04 00:00:00'),(20,226005,1,6.2,19,8.2,22.7,0,0,43,7.4,7350.6,7,'해로움 (민감 그룹)','2024-04-01 08:06:54','2024-04-01 08:06:54','2024-04-05 00:00:00'),(21,2330439,6,2,19.1,1.6,21.2,0,0,28,11.1,7037.8,7,'해로움 (민감 그룹)','2024-04-01 08:06:54','2024-04-01 08:06:54','2024-04-01 00:00:00'),(22,2330439,6,10.9,24.2,9.5,25.3,0,0,32,7.4,3650.4,5,'보통','2024-04-01 08:06:54','2024-04-01 08:06:54','2024-04-02 00:00:00'),(23,2330439,6,7.1,18.8,7.3,21.7,0,0,57,5.6,870.2,3,'보통','2024-04-01 08:06:54','2024-04-01 08:06:54','2024-04-03 00:00:00'),(24,2330439,3,6,19.7,8.5,23.5,0,0,46,7.4,6798.8,7,'해로움 (민감 그룹)','2024-04-01 08:06:54','2024-04-01 08:06:54','2024-04-04 00:00:00'),(25,2330439,1,6.6,18.8,8.9,22.8,0,0,44,5.6,7352.2,7,'해로움 (민감 그룹)','2024-04-01 08:06:54','2024-04-01 08:06:54','2024-04-05 00:00:00'),(26,226004,6,3,18.7,2.6,21.3,0,0,27,11.1,7032.7,7,'해로움 (민감 그룹)','2024-04-01 08:06:54','2024-04-01 08:06:54','2024-04-01 00:00:00'),(27,226004,6,11.6,23.8,10.7,24.8,0,0,30,7.4,3443.6,5,'보통','2024-04-01 08:06:54','2024-04-01 08:06:54','2024-04-02 00:00:00'),(28,226004,4,6.8,19.3,7,21.9,0,0,52,5.6,714.5,3,'보통','2024-04-01 08:06:54','2024-04-01 08:06:54','2024-04-03 00:00:00'),(29,226004,6,6.2,20.1,9,23.7,0,0,42,7.4,6681,7,'해로움 (민감 그룹)','2024-04-01 08:06:55','2024-04-01 08:06:55','2024-04-04 00:00:00'),(30,226004,1,6.9,18.6,8.8,22.5,0,0,42,5.6,7346.6,7,'해로움 (민감 그룹)','2024-04-01 08:06:55','2024-04-01 08:06:55','2024-04-05 00:00:00'),(31,2330440,6,2.2,19.2,1.9,21.5,0,0,28,11.1,6724.3,7,'해로움 (민감 그룹)','2024-04-01 08:06:55','2024-04-01 08:06:55','2024-04-01 00:00:00'),(32,2330440,13,11.3,24.2,10.3,25,0.5,0,32,7.4,3363.9,5,'보통','2024-04-01 08:06:55','2024-04-01 08:06:55','2024-04-02 00:00:00'),(33,2330440,6,7.1,19.3,7.8,22.1,0,0,54,5.6,906,3,'보통','2024-04-01 08:06:55','2024-04-01 08:06:55','2024-04-03 00:00:00'),(34,2330440,3,6.1,20.1,8.9,23.8,0,0,43,5.6,6820.4,7,'해로움 (민감 그룹)','2024-04-01 08:06:55','2024-04-01 08:06:55','2024-04-04 00:00:00'),(35,2330440,1,6.8,18.9,8.8,22.9,0,0,42,5.6,7348.7,7,'해로움 (민감 그룹)','2024-04-01 08:06:55','2024-04-01 08:06:55','2024-04-05 00:00:00'),(36,2330443,6,3,18.7,2.6,21.3,0,0,27,11.1,7032.7,7,'해로움 (민감 그룹)','2024-04-01 08:06:55','2024-04-01 08:06:55','2024-04-01 00:00:00'),(37,2330443,6,11.6,23.8,10.7,24.8,0,0,30,7.4,3443.6,5,'보통','2024-04-01 08:06:55','2024-04-01 08:06:55','2024-04-02 00:00:00'),(38,2330443,4,6.8,19.3,7,21.9,0,0,52,5.6,714.5,3,'보통','2024-04-01 08:06:56','2024-04-01 08:06:56','2024-04-03 00:00:00'),(39,2330443,6,6.2,20.1,9,23.7,0,0,42,7.4,6681,7,'해로움 (민감 그룹)','2024-04-01 08:06:56','2024-04-01 08:06:56','2024-04-04 00:00:00'),(40,2330443,1,6.9,18.6,8.8,22.5,0,0,42,5.6,7346.6,7,'해로움 (민감 그룹)','2024-04-01 08:06:56','2024-04-01 08:06:56','2024-04-05 00:00:00'),(41,2330434,6,2.2,19,1.9,21.3,0,0,27,11.1,7031.2,7,'해로움 (민감 그룹)','2024-04-01 08:06:56','2024-04-01 08:06:56','2024-04-01 00:00:00'),(42,2330434,6,11.4,24.1,10.7,25,0,0,30,7.4,3825.2,5,'보통','2024-04-01 08:06:56','2024-04-01 08:06:56','2024-04-02 00:00:00'),(43,2330434,4,6.7,19.9,7.1,21.9,0,0,51,5.6,719.9,3,'보통','2024-04-01 08:06:56','2024-04-01 08:06:56','2024-04-03 00:00:00'),(44,2330434,6,6.2,20.6,8.9,24.1,0,0,40,5.6,6459.2,7,'해로움 (민감 그룹)','2024-04-01 08:06:56','2024-04-01 08:06:56','2024-04-04 00:00:00'),(45,2330434,1,6.6,18.9,8.3,22.7,0,0,40,5.6,7341.3,7,'해로움 (민감 그룹)','2024-04-01 08:06:56','2024-04-01 08:06:56','2024-04-05 00:00:00'),(46,2330432,6,2.2,19,1.9,21.3,0,0,27,11.1,7031.2,7,'해로움 (민감 그룹)','2024-04-01 08:06:56','2024-04-01 08:06:56','2024-04-01 00:00:00'),(47,2330432,6,11.4,24.1,10.7,25,0,0,30,7.4,3825.2,5,'보통','2024-04-01 08:06:56','2024-04-01 08:06:56','2024-04-02 00:00:00'),(48,2330432,4,6.7,19.9,7.1,21.9,0,0,51,5.6,719.9,3,'보통','2024-04-01 08:06:56','2024-04-01 08:06:56','2024-04-03 00:00:00'),(49,2330432,6,6.2,20.6,8.9,24.1,0,0,40,5.6,6459.2,7,'해로움 (민감 그룹)','2024-04-01 08:06:56','2024-04-01 08:06:56','2024-04-04 00:00:00'),(50,2330432,1,6.6,18.9,8.3,22.7,0,0,40,5.6,7341.3,7,'해로움 (민감 그룹)','2024-04-01 08:06:56','2024-04-01 08:06:56','2024-04-05 00:00:00'),(51,2330441,6,2.1,19.2,1.6,20.7,0,0,27,11.1,7034.4,7,'해로움 (민감 그룹)','2024-04-01 08:06:57','2024-04-01 08:06:57','2024-04-01 00:00:00'),(52,2330441,13,11.1,24.2,10.4,24.7,0.5,0,31,7.4,2978.8,4,'보통','2024-04-01 08:06:57','2024-04-01 08:06:57','2024-04-02 00:00:00'),(53,2330441,6,6.8,19.7,7.9,22.3,0,0,52,5.6,994,3,'보통','2024-04-01 08:06:57','2024-04-01 08:06:57','2024-04-03 00:00:00'),(54,2330441,3,6.1,20.3,8.9,23.9,0,0,41,5.6,6871,7,'해로움 (민감 그룹)','2024-04-01 08:06:57','2024-04-01 08:06:57','2024-04-04 00:00:00'),(55,2330441,1,6.4,18.9,8.3,22.9,0,0,41,5.6,7346.2,7,'해로움 (민감 그룹)','2024-04-01 08:06:57','2024-04-01 08:06:57','2024-04-05 00:00:00'),(56,226080,6,3.8,18.4,3.6,20.8,0,0,27,11.1,7027.9,7,'해로움 (민감 그룹)','2024-04-01 08:06:57','2024-04-01 08:06:57','2024-04-01 00:00:00'),(57,226080,6,11.9,23.8,10.6,25.6,0,0,30,9.3,4360.3,5,'보통','2024-04-01 08:06:57','2024-04-01 08:06:57','2024-04-02 00:00:00'),(58,226080,4,6.7,18.8,5.7,21.8,0,0,54,7.4,639.2,3,'보통','2024-04-01 08:06:57','2024-04-01 08:06:57','2024-04-03 00:00:00'),(59,226080,3,6.4,19.9,8.8,23.5,0,0,44,7.4,6765.9,7,'해로움 (민감 그룹)','2024-04-01 08:06:57','2024-04-01 08:06:57','2024-04-04 00:00:00'),(60,226080,2,6.7,18.2,8.4,22.1,0,0,43,7.4,7346.9,7,'해로움 (민감 그룹)','2024-04-01 08:06:57','2024-04-01 08:06:57','2024-04-05 00:00:00'),(61,226002,2,3.2,18.9,3.1,21.8,0,0,28,11.1,7135.7,7,'해로움 (민감 그룹)','2024-04-01 08:06:58','2024-04-01 08:06:58','2024-04-01 00:00:00'),(62,226002,12,11.7,23.9,10.9,25.7,1.1,0,31,7.4,4190.3,5,'보통','2024-04-01 08:06:58','2024-04-01 08:06:58','2024-04-02 00:00:00'),(63,226002,4,6.8,19.1,6,21.7,0,0,54,5.6,639.2,3,'보통','2024-04-01 08:06:58','2024-04-01 08:06:58','2024-04-03 00:00:00'),(64,226002,3,6.5,20.2,8.9,23.7,0,0,44,7.4,6786,7,'해로움 (민감 그룹)','2024-04-01 08:06:58','2024-04-01 08:06:58','2024-04-04 00:00:00'),(65,226002,1,6.8,18.6,8.6,22.4,0,0,43,7.4,7347.5,7,'해로움 (민감 그룹)','2024-04-01 08:06:58','2024-04-01 08:06:58','2024-04-05 00:00:00'),(66,226010,6,3.4,18.9,3.4,21.4,0,0,28,11.1,7032.8,7,'해로움 (민감 그룹)','2024-04-01 08:06:58','2024-04-01 08:06:58','2024-04-01 00:00:00'),(67,226010,14,11.7,24.3,10.7,26.1,0.8,0,30,9.3,4594.3,6,'해로움 (민감 그룹)','2024-04-01 08:06:58','2024-04-01 08:06:58','2024-04-02 00:00:00'),(68,226010,4,6.8,19.1,4.9,21.5,0,0,55,7.4,644.7,3,'보통','2024-04-01 08:06:58','2024-04-01 08:06:58','2024-04-03 00:00:00'),(69,226010,3,6.6,20.4,8.8,24,0,0,44,9.3,6855.8,7,'해로움 (민감 그룹)','2024-04-01 08:06:58','2024-04-01 08:06:58','2024-04-04 00:00:00'),(70,226010,2,6.6,18.7,8.4,22.6,0,0,44,7.4,7347.5,7,'해로움 (민감 그룹)','2024-04-01 08:06:58','2024-04-01 08:06:58','2024-04-05 00:00:00'),(71,1830319,6,3.6,18.4,3.3,21.6,0,0,28,11.1,7001.7,7,'해로움 (민감 그룹)','2024-04-01 08:06:58','2024-04-01 08:06:58','2024-04-01 00:00:00'),(72,1830319,4,11.8,24.3,9.9,26.2,0,0,30,9.3,4907.3,6,'해로움 (민감 그룹)','2024-04-01 08:06:58','2024-04-01 08:06:58','2024-04-02 00:00:00'),(73,1830319,4,6.5,18.4,3.8,20.9,0,0,58,7.4,672.4,3,'보통','2024-04-01 08:06:58','2024-04-01 08:06:58','2024-04-03 00:00:00'),(74,1830319,3,6.6,20.1,8.7,23.8,0,0,47,11.1,6844.4,7,'해로움 (민감 그룹)','2024-04-01 08:06:59','2024-04-01 08:06:59','2024-04-04 00:00:00'),(75,1830319,2,6.1,18,7.8,21.7,0,0,46,7.4,7321.4,7,'해로움 (민감 그룹)','2024-04-01 08:06:59','2024-04-01 08:06:59','2024-04-05 00:00:00'),(76,2330435,6,3,19.1,3,21.5,0,0,28,11.1,7010.1,7,'해로움 (민감 그룹)','2024-04-01 08:06:59','2024-04-01 08:06:59','2024-04-01 00:00:00'),(77,2330435,4,11,24.8,9.2,26.6,0.7,0,30,9.3,4870.2,6,'해로움 (민감 그룹)','2024-04-01 08:06:59','2024-04-01 08:06:59','2024-04-02 00:00:00'),(78,2330435,4,6.4,19.4,4.1,22,0,0,54,7.4,661.9,3,'보통','2024-04-01 08:06:59','2024-04-01 08:06:59','2024-04-03 00:00:00'),(79,2330435,6,6.6,21,8.6,24.1,0,0,43,9.3,6538.9,7,'해로움 (민감 그룹)','2024-04-01 08:06:59','2024-04-01 08:06:59','2024-04-04 00:00:00'),(80,2330435,2,5.9,18.7,7.7,22.7,0,0,44,7.4,7318,7,'해로움 (민감 그룹)','2024-04-01 08:06:59','2024-04-01 08:06:59','2024-04-05 00:00:00'),(81,2330437,2,3.6,18.2,3.6,21.4,0,0,28,11.1,7122.6,7,'해로움 (민감 그룹)','2024-04-01 08:06:59','2024-04-01 08:06:59','2024-04-01 00:00:00'),(82,2330437,12,12,24,11,25.4,0.8,0,30,7.4,4105.5,5,'보통','2024-04-01 08:06:59','2024-04-01 08:06:59','2024-04-02 00:00:00'),(83,2330437,4,6.6,18.2,3.8,21.5,0,0,59,7.4,667.6,3,'보통','2024-04-01 08:06:59','2024-04-01 08:06:59','2024-04-03 00:00:00'),(84,2330437,3,6.4,19.7,8.7,23.5,0,0,48,9.3,6927.8,7,'해로움 (민감 그룹)','2024-04-01 08:06:59','2024-04-01 08:06:59','2024-04-04 00:00:00'),(85,2330437,2,6.3,18,7.9,21.9,0,0,47,7.4,7347.7,7,'해로움 (민감 그룹)','2024-04-01 08:07:00','2024-04-01 08:07:00','2024-04-05 00:00:00'),(86,2330436,6,3.4,18.5,3.2,21.6,0,0,28,11.1,7013.5,7,'해로움 (민감 그룹)','2024-04-01 08:07:00','2024-04-01 08:07:00','2024-04-01 00:00:00'),(87,2330436,14,11.9,24.1,11.4,26.4,0.8,0,30,7.4,5001.2,6,'해로움 (민감 그룹)','2024-04-01 08:07:00','2024-04-01 08:07:00','2024-04-02 00:00:00'),(88,2330436,4,6.9,18.3,4.3,21.7,0,0,60,7.4,667.7,3,'보통','2024-04-01 08:07:00','2024-04-01 08:07:00','2024-04-03 00:00:00'),(89,2330436,3,6.4,19.8,8.7,23.6,0,0,49,9.3,6967.3,7,'해로움 (민감 그룹)','2024-04-01 08:07:00','2024-04-01 08:07:00','2024-04-04 00:00:00'),(90,2330436,2,6.6,18.3,8.1,21.7,0,0,47,7.4,7352.6,7,'해로움 (민감 그룹)','2024-04-01 08:07:00','2024-04-01 08:07:00','2024-04-05 00:00:00'),(91,226009,2,3.1,18.6,3,21.4,0,0,28,11.1,7131.9,7,'해로움 (민감 그룹)','2024-04-01 08:07:00','2024-04-01 08:07:00','2024-04-01 00:00:00'),(92,226009,6,11.6,24.2,11.1,25.6,0,0,30,7.4,4032.2,5,'보통','2024-04-01 08:07:00','2024-04-01 08:07:00','2024-04-02 00:00:00'),(93,226009,4,6.7,18.5,4.4,20.6,0,0,59,9.3,672.4,3,'보통','2024-04-01 08:07:00','2024-04-01 08:07:00','2024-04-03 00:00:00'),(94,226009,3,6.5,20,8.7,23.8,0,0,47,9.3,7051.6,7,'해로움 (민감 그룹)','2024-04-01 08:07:00','2024-04-01 08:07:00','2024-04-04 00:00:00'),(95,226009,2,6.5,18.5,8.1,22,0,0,45,7.4,7349.8,7,'해로움 (민감 그룹)','2024-04-01 08:07:01','2024-04-01 08:07:01','2024-04-05 00:00:00'),(96,2330433,6,2.8,18.8,2.5,21.4,0,0,27,11.1,6711.6,7,'해로움 (민감 그룹)','2024-04-01 08:07:01','2024-04-01 08:07:01','2024-04-01 00:00:00'),(97,2330433,6,11.6,24.2,10.5,26.2,0,0,31,7.4,4388.9,6,'해로움 (민감 그룹)','2024-04-01 08:07:01','2024-04-01 08:07:01','2024-04-02 00:00:00'),(98,2330433,4,7.2,18.7,6.2,20.8,0,0,58,7.4,705.1,3,'보통','2024-04-01 08:07:01','2024-04-01 08:07:01','2024-04-03 00:00:00'),(99,2330433,2,6.5,20,8.6,23.5,0,0,47,9.3,7130.4,7,'해로움 (민감 그룹)','2024-04-01 08:07:01','2024-04-01 08:07:01','2024-04-04 00:00:00'),(100,2330433,1,6.8,18.7,8.5,22.2,0,0,45,7.4,7350.9,7,'해로움 (민감 그룹)','2024-04-01 08:07:01','2024-04-01 08:07:01','2024-04-05 00:00:00'),(101,2330438,2,3.7,17.6,3.4,20.9,0,0,27,11.1,7136.9,7,'해로움 (민감 그룹)','2024-04-01 08:07:01','2024-04-01 08:07:01','2024-04-01 00:00:00'),(102,2330438,6,12,23.2,10.9,24.7,0.5,0,30,7.4,3845.8,5,'보통','2024-04-01 08:07:01','2024-04-01 08:07:01','2024-04-02 00:00:00'),(103,2330438,4,7,17.5,5.2,21,0,0,60,7.4,689.3,3,'보통','2024-04-01 08:07:01','2024-04-01 08:07:01','2024-04-03 00:00:00'),(104,2330438,3,6.2,18.8,8.3,22.4,0,0,50,9.3,7030,7,'해로움 (민감 그룹)','2024-04-01 08:07:01','2024-04-01 08:07:01','2024-04-04 00:00:00'),(105,2330438,1,6.5,17.7,8,21.4,0,0,46,7.4,7355.3,7,'해로움 (민감 그룹)','2024-04-01 08:07:01','2024-04-01 08:07:01','2024-04-05 00:00:00'),(106,2330442,6,2.8,18.8,2.5,21.4,0,0,27,11.1,7007.2,7,'해로움 (민감 그룹)','2024-04-01 08:07:02','2024-04-01 08:07:02','2024-04-01 00:00:00'),(107,2330442,6,11.6,24.2,10.5,26.2,0,0,31,7.4,4388.9,6,'해로움 (민감 그룹)','2024-04-01 08:07:02','2024-04-01 08:07:02','2024-04-02 00:00:00'),(108,2330442,4,7.2,18.7,6.2,20.8,0,0,58,7.4,705.1,3,'보통','2024-04-01 08:07:02','2024-04-01 08:07:02','2024-04-03 00:00:00'),(109,2330442,2,6.5,20,8.6,23.5,0,0,47,9.3,7130.4,7,'해로움 (민감 그룹)','2024-04-01 08:07:02','2024-04-01 08:07:02','2024-04-04 00:00:00'),(110,2330442,1,6.8,18.7,8.5,22.2,0,0,45,7.4,7350.9,7,'해로움 (민감 그룹)','2024-04-01 08:07:02','2024-04-01 08:07:02','2024-04-05 00:00:00'),(111,226001,6,2.6,19.2,3,21.5,0,0,28,11.1,7033.2,7,'해로움 (민감 그룹)','2024-04-01 08:07:02','2024-04-01 08:07:02','2024-04-01 00:00:00'),(112,226001,6,10.4,24.3,8.9,25.8,0,0,32,7.4,3867.9,5,'보통','2024-04-01 08:07:02','2024-04-01 08:07:02','2024-04-02 00:00:00'),(113,226001,6,7.1,18.5,7.1,21.7,0,0,59,5.6,830,3,'보통','2024-04-01 08:07:02','2024-04-01 08:07:02','2024-04-03 00:00:00'),(114,226001,3,5.9,19.6,8.4,23.4,0,0,48,7.4,6828.7,7,'해로움 (민감 그룹)','2024-04-01 08:07:02','2024-04-01 08:07:02','2024-04-04 00:00:00'),(115,226001,1,6.1,18.8,8.1,22.6,0,0,45,5.6,7353.9,7,'해로움 (민감 그룹)','2024-04-01 08:07:02','2024-04-01 08:07:02','2024-04-05 00:00:00'),(116,2330444,6,1.7,19,1,21.3,0,0,28,11.1,7035.8,7,'해로움 (민감 그룹)','2024-04-01 08:07:03','2024-04-01 08:07:03','2024-04-01 00:00:00'),(117,2330444,6,10.4,24.1,9,25.4,0,0,32,7.4,3712.6,5,'보통','2024-04-01 08:07:03','2024-04-01 08:07:03','2024-04-02 00:00:00'),(118,2330444,6,7,18.5,7.1,21.6,0,0,58,5.6,829.9,3,'보통','2024-04-01 08:07:03','2024-04-01 08:07:03','2024-04-03 00:00:00'),(119,2330444,6,5.8,19.4,8.2,23.2,0,0,47,7.4,6750.4,7,'해로움 (민감 그룹)','2024-04-01 08:07:03','2024-04-01 08:07:03','2024-04-04 00:00:00'),(120,2330444,1,6.2,18.6,7.9,22.5,0,0,45,5.6,7353.5,7,'해로움 (민감 그룹)','2024-04-01 08:07:03','2024-04-01 08:07:03','2024-04-05 00:00:00'),(121,226006,6,1.7,19.1,1.4,21.5,0,0,29,11.1,7036,7,'해로움 (민감 그룹)','2024-04-01 08:07:03','2024-04-01 08:07:03','2024-04-01 00:00:00'),(122,226006,6,10.6,24.2,9.8,25,0,0,33,7.4,3214.7,5,'보통','2024-04-01 08:07:03','2024-04-01 08:07:03','2024-04-02 00:00:00'),(123,226006,6,6.9,18.8,7.7,21.8,0,0,57,5.6,1037.4,3,'보통','2024-04-01 08:07:03','2024-04-01 08:07:03','2024-04-03 00:00:00'),(124,226006,6,5.7,19.5,8.2,23.4,0,0,46,5.6,6691,7,'해로움 (민감 그룹)','2024-04-01 08:07:03','2024-04-01 08:07:03','2024-04-04 00:00:00'),(125,226006,1,6.2,18.7,8,22.8,0,0,44,5.6,7351,7,'해로움 (민감 그룹)','2024-04-01 08:07:03','2024-04-01 08:07:03','2024-04-05 00:00:00'),(126,2330370,1,9.2,19.9,8,21.9,0,0,43,13,7325.1,7,'해로움 (민감 그룹)','2024-04-01 08:07:04','2024-04-01 08:07:04','2024-04-01 00:00:00'),(127,2330370,6,13.9,19.8,10.7,20.9,0,0,51,13,1224,3,'보통','2024-04-01 08:07:04','2024-04-01 08:07:04','2024-04-02 00:00:00'),(128,2330370,8,10.5,15.8,6.2,14.4,0,0,84,27.8,1084.3,4,'보통','2024-04-01 08:07:04','2024-04-01 08:07:04','2024-04-03 00:00:00'),(129,2330370,2,10.5,15.7,9.2,16.3,0,0,57,24.1,7410.7,8,'건강에 해로움','2024-04-01 08:07:04','2024-04-01 08:07:04','2024-04-04 00:00:00'),(130,2330370,2,8.4,16,8.1,21.6,0,0,49,7.4,7497.4,8,'건강에 해로움','2024-04-01 08:07:04','2024-04-01 08:07:04','2024-04-05 00:00:00'),(131,222854,1,9.2,19.9,8,21.9,0,0,43,13,7325.1,7,'해로움 (민감 그룹)','2024-04-01 08:07:04','2024-04-01 08:07:04','2024-04-01 00:00:00'),(132,222854,6,13.9,19.8,10.7,20.9,0,0,51,13,1224,3,'보통','2024-04-01 08:07:04','2024-04-01 08:07:04','2024-04-02 00:00:00'),(133,222854,8,10.5,15.8,6.2,14.4,0,0,84,27.8,1084.3,4,'보통','2024-04-01 08:07:04','2024-04-01 08:07:04','2024-04-03 00:00:00'),(134,222854,2,10.5,15.7,9.2,16.3,0,0,57,24.1,7410.7,8,'건강에 해로움','2024-04-01 08:07:04','2024-04-01 08:07:04','2024-04-04 00:00:00'),(135,222854,2,8.4,16,8.1,21.6,0,0,49,7.4,7497.4,8,'건강에 해로움','2024-04-01 08:07:04','2024-04-01 08:07:04','2024-04-05 00:00:00'),(136,2330369,1,9.4,19.7,8.1,21.1,0,0,45,14.8,7323.6,7,'해로움 (민감 그룹)','2024-04-01 08:07:04','2024-04-01 08:07:04','2024-04-01 00:00:00'),(137,2330369,6,13.8,19.5,10.6,20.5,0,0,50,11.1,1887.1,4,'보통','2024-04-01 08:07:04','2024-04-01 08:07:04','2024-04-02 00:00:00'),(138,2330369,8,10.4,15.7,5.9,14.2,0,0,84,29.6,1160.7,4,'보통','2024-04-01 08:07:05','2024-04-01 08:07:05','2024-04-03 00:00:00'),(139,2330369,2,10.8,15.1,8.9,15.4,0,0,58,25.9,7398.4,8,'건강에 해로움','2024-04-01 08:07:05','2024-04-01 08:07:05','2024-04-04 00:00:00'),(140,2330369,2,9.1,15.6,8.4,21.3,0,0,49,7.4,7499.1,8,'건강에 해로움','2024-04-01 08:07:05','2024-04-01 08:07:05','2024-04-05 00:00:00'),(141,222848,1,9.9,19,8.2,21.2,0,0,47,14.8,7326.1,7,'해로움 (민감 그룹)','2024-04-01 08:07:05','2024-04-01 08:07:05','2024-04-01 00:00:00'),(142,222848,6,13.7,18.6,10,19.3,0,0,53,13,1166.8,3,'보통','2024-04-01 08:07:05','2024-04-01 08:07:05','2024-04-02 00:00:00'),(143,222848,6,10.5,15.6,5.7,13.7,0,0,83,31.5,1071.1,4,'보통','2024-04-01 08:07:05','2024-04-01 08:07:05','2024-04-03 00:00:00'),(144,222848,2,10.9,15.1,8.5,15.1,0,0,58,27.8,7408.6,8,'건강에 해로움','2024-04-01 08:07:05','2024-04-01 08:07:05','2024-04-04 00:00:00'),(145,222848,2,9.1,15.5,8.1,21,0,0,50,7.4,7502.6,8,'건강에 해로움','2024-04-01 08:07:05','2024-04-01 08:07:05','2024-04-05 00:00:00'),(146,222852,1,7.7,20.2,7,21.2,0,0,40,14.8,7321.6,7,'해로움 (민감 그룹)','2024-04-01 08:07:06','2024-04-01 08:07:06','2024-04-01 00:00:00'),(147,222852,6,13.5,20.5,10.7,22.1,0,0,45,11.1,2747.5,5,'보통','2024-04-01 08:07:06','2024-04-01 08:07:06','2024-04-02 00:00:00'),(148,222852,8,9.8,15.3,6.2,13.7,0,0,83,24.1,1181.8,4,'보통','2024-04-01 08:07:06','2024-04-01 08:07:06','2024-04-03 00:00:00'),(149,222852,2,9.4,15.6,9.2,16.3,0,0,56,20.4,7414,8,'건강에 해로움','2024-04-01 08:07:06','2024-04-01 08:07:06','2024-04-04 00:00:00'),(150,222852,2,7.4,16.3,7.7,21.5,0,0,47,5.6,7496,8,'건강에 해로움','2024-04-01 08:07:06','2024-04-01 08:07:06','2024-04-05 00:00:00'),(151,222878,1,7.5,20.8,7.7,21.7,0,0,37,13,7318.1,7,'해로움 (민감 그룹)','2024-04-01 08:07:06','2024-04-01 08:07:06','2024-04-01 00:00:00'),(152,222878,6,13.7,22.1,10.8,24.9,0,0,39,7.4,4066.6,6,'해로움 (민감 그룹)','2024-04-01 08:07:06','2024-04-01 08:07:06','2024-04-02 00:00:00'),(153,222878,6,9.7,15.6,5.7,14.3,0,0,85,24.1,1668.1,4,'보통','2024-04-01 08:07:06','2024-04-01 08:07:06','2024-04-03 00:00:00'),(154,222878,2,9,15.9,9.4,16.7,0,0,56,20.4,7415.5,8,'건강에 해로움','2024-04-01 08:07:06','2024-04-01 08:07:06','2024-04-04 00:00:00'),(155,222878,2,7.1,16.6,7.5,22.1,0,0,47,5.6,7498.1,8,'건강에 해로움','2024-04-01 08:07:06','2024-04-01 08:07:06','2024-04-05 00:00:00'),(156,222883,1,9.4,19.7,8.1,21.1,0,0,45,14.8,7323.6,7,'해로움 (민감 그룹)','2024-04-01 08:07:06','2024-04-01 08:07:06','2024-04-01 00:00:00'),(157,222883,6,13.8,19.5,10.6,20.5,0,0,50,11.1,1887.1,4,'보통','2024-04-01 08:07:06','2024-04-01 08:07:06','2024-04-02 00:00:00'),(158,222883,8,10.4,15.7,5.9,14.2,0,0,84,29.6,1160.7,4,'보통','2024-04-01 08:07:06','2024-04-01 08:07:06','2024-04-03 00:00:00'),(159,222883,2,10.8,15.1,8.9,15.4,0,0,58,25.9,7398.4,8,'건강에 해로움','2024-04-01 08:07:07','2024-04-01 08:07:07','2024-04-04 00:00:00'),(160,222883,2,9.1,15.6,8.4,21.3,0,0,49,7.4,7499.1,8,'건강에 해로움','2024-04-01 08:07:07','2024-04-01 08:07:07','2024-04-05 00:00:00'),(161,222850,1,6.8,21.5,7,22.1,0,0,37,13,7317.8,7,'해로움 (민감 그룹)','2024-04-01 08:07:07','2024-04-01 08:07:07','2024-04-01 00:00:00'),(162,222850,6,13.9,22.4,11.4,25,0,0,40,7.4,4221.9,6,'해로움 (민감 그룹)','2024-04-01 08:07:07','2024-04-01 08:07:07','2024-04-02 00:00:00'),(163,222850,6,9.7,16,6.6,15,0,0,84,20.4,1412,4,'보통','2024-04-01 08:07:07','2024-04-01 08:07:07','2024-04-03 00:00:00'),(164,222850,2,8.4,17.1,8.8,18.7,0,0,55,16.7,7415.2,8,'건강에 해로움','2024-04-01 08:07:07','2024-04-01 08:07:07','2024-04-04 00:00:00'),(165,222850,2,7,18,7.7,23.1,0,0,47,3.7,7497.6,8,'건강에 해로움','2024-04-01 08:07:07','2024-04-01 08:07:07','2024-04-05 00:00:00'),(166,222857,1,9.2,20.6,8.4,21.3,0,0,41,14.8,7320.1,7,'해로움 (민감 그룹)','2024-04-01 08:07:08','2024-04-01 08:07:08','2024-04-01 00:00:00'),(167,222857,6,13.7,20.7,10.8,23.4,0,0,46,9.3,3862.5,6,'해로움 (민감 그룹)','2024-04-01 08:07:08','2024-04-01 08:07:08','2024-04-02 00:00:00'),(168,222857,6,10.2,15.6,5.5,14.4,0,0,85,27.8,1466.9,4,'보통','2024-04-01 08:07:08','2024-04-01 08:07:08','2024-04-03 00:00:00'),(169,222857,2,10.5,15.2,8.8,15.7,0,0,57,25.9,7409.3,8,'건강에 해로움','2024-04-01 08:07:08','2024-04-01 08:07:08','2024-04-04 00:00:00'),(170,222857,2,8.5,15.6,8.1,21.4,0,0,49,5.6,7500.3,8,'건강에 해로움','2024-04-01 08:07:08','2024-04-01 08:07:08','2024-04-05 00:00:00'),(171,222855,1,9.1,18.4,7.7,21.1,0,0,46,14.8,7326.2,7,'해로움 (민감 그룹)','2024-04-01 08:07:08','2024-04-01 08:07:08','2024-04-01 00:00:00'),(172,222855,6,13.5,18.2,9.9,18.5,0,0,53,13,784.6,3,'보통','2024-04-01 08:07:08','2024-04-01 08:07:08','2024-04-02 00:00:00'),(173,222855,8,10.2,15.2,5.9,13.5,0,0,82,29.6,1028.1,4,'보통','2024-04-01 08:07:09','2024-04-01 08:07:09','2024-04-03 00:00:00'),(174,222855,2,10.2,15.1,8.4,14.9,0,0,57,24.1,7416.2,8,'건강에 해로움','2024-04-01 08:07:09','2024-04-01 08:07:09','2024-04-04 00:00:00'),(175,222855,2,8.4,15.4,7.7,21,0,0,49,7.4,7497.9,8,'건강에 해로움','2024-04-01 08:07:09','2024-04-01 08:07:09','2024-04-05 00:00:00'),(176,222849,1,7.5,20.8,7.7,21.7,0,0,37,13,7318.1,7,'해로움 (민감 그룹)','2024-04-01 08:07:09','2024-04-01 08:07:09','2024-04-01 00:00:00'),(177,222849,6,13.7,22.1,10.8,24.9,0,0,39,7.4,4066.6,6,'해로움 (민감 그룹)','2024-04-01 08:07:09','2024-04-01 08:07:09','2024-04-02 00:00:00'),(178,222849,6,9.7,15.6,5.7,14.3,0,0,85,24.1,1668.1,4,'보통','2024-04-01 08:07:09','2024-04-01 08:07:09','2024-04-03 00:00:00'),(179,222849,2,9,15.9,9.4,16.7,0,0,56,20.4,7415.5,8,'건강에 해로움','2024-04-01 08:07:09','2024-04-01 08:07:09','2024-04-04 00:00:00'),(180,222849,2,7.1,16.6,7.5,22.1,0,0,47,5.6,7498.1,8,'건강에 해로움','2024-04-01 08:07:09','2024-04-01 08:07:09','2024-04-05 00:00:00'),(181,222858,1,6.8,21.5,7,22.1,0,0,37,13,7317.8,7,'해로움 (민감 그룹)','2024-04-01 08:07:09','2024-04-01 08:07:09','2024-04-01 00:00:00'),(182,222858,6,13.9,22.4,11.4,25,0,0,40,7.4,4221.9,6,'해로움 (민감 그룹)','2024-04-01 08:07:09','2024-04-01 08:07:09','2024-04-02 00:00:00'),(183,222858,6,9.7,16,6.6,15,0,0,84,20.4,1412,4,'보통','2024-04-01 08:07:09','2024-04-01 08:07:09','2024-04-03 00:00:00'),(184,222858,2,8.4,17.1,8.8,18.7,0,0,55,16.7,7415.2,8,'건강에 해로움','2024-04-01 08:07:09','2024-04-01 08:07:09','2024-04-04 00:00:00'),(185,222858,2,7,18,7.7,23.1,0,0,47,3.7,7497.6,8,'건강에 해로움','2024-04-01 08:07:10','2024-04-01 08:07:10','2024-04-05 00:00:00'),(186,2330371,1,7.8,20.7,7.6,22.5,0,0,39,13,7320,7,'해로움 (민감 그룹)','2024-04-01 08:07:10','2024-04-01 08:07:10','2024-04-01 00:00:00'),(187,2330371,6,13.9,21.8,11,23.8,0,0,43,9.3,3506.2,5,'보통','2024-04-01 08:07:10','2024-04-01 08:07:10','2024-04-02 00:00:00'),(188,2330371,6,10,15.9,6,15.1,0,0,84,25.9,1447,4,'보통','2024-04-01 08:07:10','2024-04-01 08:07:10','2024-04-03 00:00:00'),(189,2330371,2,9.5,16.2,9.6,16.8,0,0,56,22.2,7411.3,8,'건강에 해로움','2024-04-01 08:07:10','2024-04-01 08:07:10','2024-04-04 00:00:00'),(190,2330371,2,7.6,16.6,8,22.3,0,0,48,5.6,7498.3,8,'건강에 해로움','2024-04-01 08:07:10','2024-04-01 08:07:10','2024-04-05 00:00:00'),(191,222856,1,7.8,20.7,7.6,22.5,0,0,39,13,7320,7,'해로움 (민감 그룹)','2024-04-01 08:07:10','2024-04-01 08:07:10','2024-04-01 00:00:00'),(192,222856,6,13.9,21.8,11,23.8,0,0,43,9.3,3506.2,5,'보통','2024-04-01 08:07:10','2024-04-01 08:07:10','2024-04-02 00:00:00'),(193,222856,6,10,15.9,6,15.1,0,0,84,25.9,1447,4,'보통','2024-04-01 08:07:10','2024-04-01 08:07:10','2024-04-03 00:00:00'),(194,222856,2,9.5,16.2,9.6,16.8,0,0,56,22.2,7411.3,8,'건강에 해로움','2024-04-01 08:07:10','2024-04-01 08:07:10','2024-04-04 00:00:00'),(195,222856,2,7.6,16.6,8,22.3,0,0,48,5.6,7498.3,8,'건강에 해로움','2024-04-01 08:07:10','2024-04-01 08:07:10','2024-04-05 00:00:00'),(196,222851,1,7.7,20.2,7,21.2,0,0,40,14.8,7321.6,7,'해로움 (민감 그룹)','2024-04-01 08:07:11','2024-04-01 08:07:11','2024-04-01 00:00:00'),(197,222851,6,13.5,20.5,10.7,22.1,0,0,45,11.1,2747.5,5,'보통','2024-04-01 08:07:11','2024-04-01 08:07:11','2024-04-02 00:00:00'),(198,222851,8,9.8,15.3,6.2,13.7,0,0,83,24.1,1181.8,4,'보통','2024-04-01 08:07:11','2024-04-01 08:07:11','2024-04-03 00:00:00'),(199,222851,2,9.4,15.6,9.2,16.3,0,0,56,20.4,7414,8,'건강에 해로움','2024-04-01 08:07:11','2024-04-01 08:07:11','2024-04-04 00:00:00'),(200,222851,2,7.4,16.3,7.7,21.5,0,0,47,5.6,7496,8,'건강에 해로움','2024-04-01 08:07:11','2024-04-01 08:07:11','2024-04-05 00:00:00'),(201,222862,1,9.4,21.3,8.6,22.6,0,0,40,14.8,7313.5,7,'해로움 (민감 그룹)','2024-04-01 08:07:11','2024-04-01 08:07:11','2024-04-01 00:00:00'),(202,222862,6,13.7,21,11.3,24.9,0,0,45,7.4,4247.2,6,'해로움 (민감 그룹)','2024-04-01 08:07:11','2024-04-01 08:07:11','2024-04-02 00:00:00'),(203,222862,8,10.1,15.7,5.3,14.9,0,0,87,25.9,1573.1,4,'보통','2024-04-01 08:07:11','2024-04-01 08:07:11','2024-04-03 00:00:00'),(204,222862,2,10.4,15.4,9.4,16.4,0,0,57,22.2,7426.3,8,'건강에 해로움','2024-04-01 08:07:11','2024-04-01 08:07:11','2024-04-04 00:00:00'),(205,222862,1,8.2,15.6,8.4,21.3,0,0,50,5.6,7496.1,8,'건강에 해로움','2024-04-01 08:07:11','2024-04-01 08:07:11','2024-04-05 00:00:00'),(206,2330384,1,4.8,22.6,5.5,23.7,0,0,32,9.3,7273,7,'해로움 (민감 그룹)','2024-04-01 08:07:11','2024-04-01 08:07:11','2024-04-01 00:00:00'),(207,2330384,8,12.9,23.3,10.6,24.3,0,0,36,7.4,366.1,3,'보통','2024-04-01 08:07:11','2024-04-01 08:07:11','2024-04-02 00:00:00'),(208,2330384,6,9.5,15.5,8.4,14,0,0,82,16.7,1357,4,'보통','2024-04-01 08:07:12','2024-04-01 08:07:12','2024-04-03 00:00:00'),(209,2330384,2,7.4,17.2,8.9,20.3,0,0,53,11.1,7355.1,7,'해로움 (민감 그룹)','2024-04-01 08:07:12','2024-04-01 08:07:12','2024-04-04 00:00:00'),(210,2330384,1,6,18.5,8.7,22.8,0,0,46,5.6,7459.5,8,'건강에 해로움','2024-04-01 08:07:12','2024-04-01 08:07:12','2024-04-05 00:00:00'),(211,223346,1,5.5,21.9,6.3,22.8,0,0,28,11.1,7270.5,7,'해로움 (민감 그룹)','2024-04-01 08:07:12','2024-04-01 08:07:12','2024-04-01 00:00:00'),(212,223346,8,12.9,23.5,10.4,24.5,0,0,35,7.4,366,2,'좋음','2024-04-01 08:07:12','2024-04-01 08:07:12','2024-04-02 00:00:00'),(213,223346,6,9.5,15.5,7.9,13.8,0,0,82,18.5,1441,4,'보통','2024-04-01 08:07:12','2024-04-01 08:07:12','2024-04-03 00:00:00'),(214,223346,2,7.4,17.1,8.8,19.8,0,0,54,13,7352.1,7,'해로움 (민감 그룹)','2024-04-01 08:07:12','2024-04-01 08:07:12','2024-04-04 00:00:00'),(215,223346,1,6,18.3,8.6,22.5,0,0,46,7.4,7457.2,8,'건강에 해로움','2024-04-01 08:07:12','2024-04-01 08:07:12','2024-04-05 00:00:00'),(216,2330386,1,4.8,22.6,5.5,23.7,0,0,32,9.3,7273,7,'해로움 (민감 그룹)','2024-04-01 08:07:13','2024-04-01 08:07:13','2024-04-01 00:00:00'),(217,2330386,8,12.9,23.3,10.6,24.3,0,0,36,7.4,366.1,3,'보통','2024-04-01 08:07:13','2024-04-01 08:07:13','2024-04-02 00:00:00'),(218,2330386,6,9.5,15.5,8.4,14,0,0,82,16.7,1357,4,'보통','2024-04-01 08:07:13','2024-04-01 08:07:13','2024-04-03 00:00:00'),(219,2330386,2,7.4,17.2,8.9,20.3,0,0,53,11.1,7355.1,7,'해로움 (민감 그룹)','2024-04-01 08:07:13','2024-04-01 08:07:13','2024-04-04 00:00:00'),(220,2330386,1,6,18.5,8.7,22.8,0,0,46,5.6,7459.5,8,'건강에 해로움','2024-04-01 08:07:13','2024-04-01 08:07:13','2024-04-05 00:00:00'),(221,2330385,1,4.8,22.6,5.5,23.7,0,0,32,9.3,7273,7,'해로움 (민감 그룹)','2024-04-01 08:07:13','2024-04-01 08:07:13','2024-04-01 00:00:00'),(222,2330385,8,12.9,23.3,10.6,24.3,0,0,36,7.4,366.1,3,'보통','2024-04-01 08:07:13','2024-04-01 08:07:13','2024-04-02 00:00:00'),(223,2330385,6,9.5,15.5,8.4,14,0,0,82,16.7,1357,4,'보통','2024-04-01 08:07:13','2024-04-01 08:07:13','2024-04-03 00:00:00'),(224,2330385,2,7.4,17.2,8.9,20.3,0,0,53,11.1,7355.1,7,'해로움 (민감 그룹)','2024-04-01 08:07:13','2024-04-01 08:07:13','2024-04-04 00:00:00'),(225,2330385,1,6,18.5,8.7,22.8,0,0,46,5.6,7459.5,8,'건강에 해로움','2024-04-01 08:07:13','2024-04-01 08:07:13','2024-04-05 00:00:00'),(226,2330381,1,4.6,22.2,4.9,23.1,0,0,28,9.3,7268.9,7,'해로움 (민감 그룹)','2024-04-01 08:07:14','2024-04-01 08:07:14','2024-04-01 00:00:00'),(227,2330381,8,13,23.7,10.3,24.8,0,0,35,7.4,365.9,2,'좋음','2024-04-01 08:07:14','2024-04-01 08:07:14','2024-04-02 00:00:00'),(228,2330381,6,9.3,15.9,8,14.5,0,0,81,16.7,1266.8,4,'보통','2024-04-01 08:07:14','2024-04-01 08:07:14','2024-04-03 00:00:00'),(229,2330381,2,7.6,17.6,8.9,20.7,0,0,53,13,7342.8,7,'해로움 (민감 그룹)','2024-04-01 08:07:14','2024-04-01 08:07:14','2024-04-04 00:00:00'),(230,2330381,1,6,18.8,8.6,22.9,0,0,45,7.4,7455.6,7,'해로움 (민감 그룹)','2024-04-01 08:07:14','2024-04-01 08:07:14','2024-04-05 00:00:00'),(231,2330387,1,4.8,22.6,5.5,23.7,0,0,32,9.3,7273,7,'해로움 (민감 그룹)','2024-04-01 08:07:14','2024-04-01 08:07:14','2024-04-01 00:00:00'),(232,2330387,8,12.9,23.3,10.6,24.3,0,0,36,7.4,366.1,3,'보통','2024-04-01 08:07:14','2024-04-01 08:07:14','2024-04-02 00:00:00'),(233,2330387,6,9.5,15.5,8.4,14,0,0,82,16.7,1357,4,'보통','2024-04-01 08:07:14','2024-04-01 08:07:14','2024-04-03 00:00:00'),(234,2330387,2,7.4,17.2,8.9,20.3,0,0,53,11.1,7355.1,7,'해로움 (민감 그룹)','2024-04-01 08:07:14','2024-04-01 08:07:14','2024-04-04 00:00:00'),(235,2330387,1,6,18.5,8.7,22.8,0,0,46,5.6,7459.5,8,'건강에 해로움','2024-04-01 08:07:14','2024-04-01 08:07:14','2024-04-05 00:00:00'),(236,2330382,1,4.8,22.6,5.5,23.7,0,0,32,9.3,7273,7,'해로움 (민감 그룹)','2024-04-01 08:07:14','2024-04-01 08:07:14','2024-04-01 00:00:00'),(237,2330382,8,12.9,23.3,10.6,24.3,0,0,36,7.4,366.1,3,'보통','2024-04-01 08:07:14','2024-04-01 08:07:14','2024-04-02 00:00:00'),(238,2330382,6,9.5,15.5,8.4,14,0,0,82,16.7,1357,4,'보통','2024-04-01 08:07:14','2024-04-01 08:07:14','2024-04-03 00:00:00'),(239,2330382,2,7.4,17.2,8.9,20.3,0,0,53,11.1,7355.1,7,'해로움 (민감 그룹)','2024-04-01 08:07:15','2024-04-01 08:07:15','2024-04-04 00:00:00'),(240,2330382,1,6,18.5,8.7,22.8,0,0,46,5.6,7459.5,8,'건강에 해로움','2024-04-01 08:07:15','2024-04-01 08:07:15','2024-04-05 00:00:00'),(241,2330383,1,5,23,4.4,22.9,0,0,36,11.1,7284.3,7,'해로움 (민감 그룹)','2024-04-01 08:07:15','2024-04-01 08:07:15','2024-04-01 00:00:00'),(242,2330383,12,13,23.7,11.7,24.2,0.3,0,42,7.4,2048.3,4,'보통','2024-04-01 08:07:15','2024-04-01 08:07:15','2024-04-02 00:00:00'),(243,2330383,6,9.2,15.9,8.8,16.9,0,0,85,11.1,1202.7,4,'보통','2024-04-01 08:07:15','2024-04-01 08:07:15','2024-04-03 00:00:00'),(244,2330383,2,6.9,17.8,9.4,22.9,0,0,56,5.6,7367.3,7,'해로움 (민감 그룹)','2024-04-01 08:07:15','2024-04-01 08:07:15','2024-04-04 00:00:00'),(245,2330383,1,6.1,19.1,7.9,24.3,0,0,49,3.7,7469.9,8,'건강에 해로움','2024-04-01 08:07:15','2024-04-01 08:07:15','2024-04-05 00:00:00'),(246,2330424,6,5.3,16.8,3.7,19.4,0,0,33,11.1,7061.3,7,'해로움 (민감 그룹)','2024-04-01 08:07:16','2024-04-01 08:07:16','2024-04-01 00:00:00'),(247,2330424,13,11.8,18.1,9,19.6,0.9,0,44,11.1,4447.6,6,'해로움 (민감 그룹)','2024-04-01 08:07:16','2024-04-01 08:07:16','2024-04-02 00:00:00'),(248,2330424,4,7.2,16.3,3.1,18.1,0,0,63,7.4,729.4,3,'보통','2024-04-01 08:07:16','2024-04-01 08:07:16','2024-04-03 00:00:00'),(249,2330424,6,7.6,17.5,9.5,21.1,0,0,56,13,6716.1,7,'해로움 (민감 그룹)','2024-04-01 08:07:16','2024-04-01 08:07:16','2024-04-04 00:00:00'),(250,2330424,2,5.6,15.5,7.2,20,0,0,55,9.3,7167.5,7,'해로움 (민감 그룹)','2024-04-01 08:07:16','2024-04-01 08:07:16','2024-04-05 00:00:00'),(251,2330423,6,5.3,16.8,3.7,19.4,0,0,33,11.1,7061.3,7,'해로움 (민감 그룹)','2024-04-01 08:07:16','2024-04-01 08:07:16','2024-04-01 00:00:00'),(252,2330423,13,11.8,18.1,9,19.6,0.9,0,44,11.1,4447.6,6,'해로움 (민감 그룹)','2024-04-01 08:07:16','2024-04-01 08:07:16','2024-04-02 00:00:00'),(253,2330423,4,7.2,16.3,3.1,18.1,0,0,63,7.4,729.4,3,'보통','2024-04-01 08:07:16','2024-04-01 08:07:16','2024-04-03 00:00:00'),(254,2330423,6,7.6,17.5,9.5,21.1,0,0,56,13,6716.1,7,'해로움 (민감 그룹)','2024-04-01 08:07:16','2024-04-01 08:07:16','2024-04-04 00:00:00'),(255,2330423,2,5.6,15.5,7.2,20,0,0,55,9.3,7167.5,7,'해로움 (민감 그룹)','2024-04-01 08:07:16','2024-04-01 08:07:16','2024-04-05 00:00:00'),(256,224030,2,6.3,17.2,5.2,19.9,0,0,42,11.1,7152.6,7,'해로움 (민감 그룹)','2024-04-01 08:07:17','2024-04-01 08:07:17','2024-04-01 00:00:00'),(257,224030,12,12,18,9.5,20,1,0,44,11.1,4292.3,5,'보통','2024-04-01 08:07:17','2024-04-01 08:07:17','2024-04-02 00:00:00'),(258,224030,4,7.4,16,3.5,17.7,0,0,67,7.4,710.2,3,'보통','2024-04-01 08:07:17','2024-04-01 08:07:17','2024-04-03 00:00:00'),(259,224030,3,7.9,17.4,9.8,21.8,0,0,59,13,6941.1,7,'해로움 (민감 그룹)','2024-04-01 08:07:17','2024-04-01 08:07:17','2024-04-04 00:00:00'),(260,224030,3,5.9,15.7,7.4,20.5,0,0,56,7.4,7071.5,7,'해로움 (민감 그룹)','2024-04-01 08:07:17','2024-04-01 08:07:17','2024-04-05 00:00:00'),(261,2330427,2,6.3,17.2,5.2,19.9,0,0,42,11.1,7152.6,7,'해로움 (민감 그룹)','2024-04-01 08:07:17','2024-04-01 08:07:17','2024-04-01 00:00:00'),(262,2330427,12,12,18,9.5,20,1,0,44,11.1,4292.3,5,'보통','2024-04-01 08:07:17','2024-04-01 08:07:17','2024-04-02 00:00:00'),(263,2330427,4,7.4,16,3.5,17.7,0,0,67,7.4,710.2,3,'보통','2024-04-01 08:07:17','2024-04-01 08:07:17','2024-04-03 00:00:00'),(264,2330427,3,7.9,17.4,9.8,21.8,0,0,59,13,6941.1,7,'해로움 (민감 그룹)','2024-04-01 08:07:17','2024-04-01 08:07:17','2024-04-04 00:00:00'),(265,2330427,3,5.9,15.7,7.4,20.5,0,0,56,7.4,7071.5,7,'해로움 (민감 그룹)','2024-04-01 08:07:17','2024-04-01 08:07:17','2024-04-05 00:00:00'),(266,2330425,6,4.3,17.2,3.2,20.3,0,0,33,11.1,7022.3,7,'해로움 (민감 그룹)','2024-04-01 08:07:18','2024-04-01 08:07:18','2024-04-01 00:00:00'),(267,2330425,6,11.6,21.9,9.7,22.8,0,0,35,9.3,4441.8,5,'보통','2024-04-01 08:07:18','2024-04-01 08:07:18','2024-04-02 00:00:00'),(268,2330425,4,6.9,17.3,3.4,20.1,0,0,61,5.6,709.7,3,'보통','2024-04-01 08:07:18','2024-04-01 08:07:18','2024-04-03 00:00:00'),(269,2330425,6,7.4,19.1,9.4,22.8,0,0,52,11.1,6616.3,7,'해로움 (민감 그룹)','2024-04-01 08:07:18','2024-04-01 08:07:18','2024-04-04 00:00:00'),(270,2330425,2,5.9,17.1,7.5,21.5,0,0,50,7.4,7239,7,'해로움 (민감 그룹)','2024-04-01 08:07:18','2024-04-01 08:07:18','2024-04-05 00:00:00'),(271,2330422,6,4.3,17.2,3.2,20.3,0,0,33,11.1,7022.3,7,'해로움 (민감 그룹)','2024-04-01 08:07:18','2024-04-01 08:07:18','2024-04-01 00:00:00'),(272,2330422,6,11.6,21.9,9.7,22.8,0,0,35,9.3,4441.8,5,'보통','2024-04-01 08:07:18','2024-04-01 08:07:18','2024-04-02 00:00:00'),(273,2330422,4,6.9,17.3,3.4,20.1,0,0,61,5.6,709.7,3,'보통','2024-04-01 08:07:18','2024-04-01 08:07:18','2024-04-03 00:00:00'),(274,2330422,6,7.4,19.1,9.4,22.8,0,0,52,11.1,6616.3,7,'해로움 (민감 그룹)','2024-04-01 08:07:18','2024-04-01 08:07:18','2024-04-04 00:00:00'),(275,2330422,2,5.9,17.1,7.5,21.5,0,0,50,7.4,7239,7,'해로움 (민감 그룹)','2024-04-01 08:07:18','2024-04-01 08:07:18','2024-04-05 00:00:00'),(276,1830087,6,4.2,17.8,3.1,19.9,0,0,36,11.1,6991.8,7,'해로움 (민감 그룹)','2024-04-01 08:07:19','2024-04-01 08:07:19','2024-04-01 00:00:00'),(277,1830087,6,11,20.1,8.5,21.4,0,0,39,9.3,4539.8,6,'해로움 (민감 그룹)','2024-04-01 08:07:19','2024-04-01 08:07:19','2024-04-02 00:00:00'),(278,1830087,4,6.8,17.2,3.7,19.3,0,0,58,5.6,713.6,3,'보통','2024-04-01 08:07:19','2024-04-01 08:07:19','2024-04-03 00:00:00'),(279,1830087,6,7.6,18.7,9.6,22.3,0,0,51,11.1,6286.6,7,'해로움 (민감 그룹)','2024-04-01 08:07:19','2024-04-01 08:07:19','2024-04-04 00:00:00'),(280,1830087,2,5.6,16.3,6.8,21.3,0,0,51,7.4,7204.5,7,'해로움 (민감 그룹)','2024-04-01 08:07:19','2024-04-01 08:07:19','2024-04-05 00:00:00'),(281,2330426,6,4.2,17.8,3.1,19.9,0,0,36,11.1,6991.8,7,'해로움 (민감 그룹)','2024-04-01 08:07:19','2024-04-01 08:07:19','2024-04-01 00:00:00'),(282,2330426,6,11,20.1,8.5,21.4,0,0,39,9.3,4539.8,6,'해로움 (민감 그룹)','2024-04-01 08:07:19','2024-04-01 08:07:19','2024-04-02 00:00:00'),(283,2330426,4,6.8,17.2,3.7,19.3,0,0,58,5.6,713.6,3,'보통','2024-04-01 08:07:20','2024-04-01 08:07:20','2024-04-03 00:00:00'),(284,2330426,6,7.6,18.7,9.6,22.3,0,0,51,11.1,6286.6,7,'해로움 (민감 그룹)','2024-04-01 08:07:20','2024-04-01 08:07:20','2024-04-04 00:00:00'),(285,2330426,2,5.6,16.3,6.8,21.3,0,0,51,7.4,7204.5,7,'해로움 (민감 그룹)','2024-04-01 08:07:20','2024-04-01 08:07:20','2024-04-05 00:00:00'),(286,224031,6,4.1,17.6,3.5,20.9,0,0,35,9.3,6992.7,7,'해로움 (민감 그룹)','2024-04-01 08:07:20','2024-04-01 08:07:20','2024-04-01 00:00:00'),(287,224031,4,11.2,19.8,9.1,21.5,0,0,39,9.3,4961.2,6,'해로움 (민감 그룹)','2024-04-01 08:07:20','2024-04-01 08:07:20','2024-04-02 00:00:00'),(288,224031,6,6.5,19.1,3.8,21.6,0,0,50,5.6,590,3,'보통','2024-04-01 08:07:20','2024-04-01 08:07:20','2024-04-03 00:00:00'),(289,224031,6,6.7,19.2,8.4,22.8,0,0,47,11.1,5375.4,7,'해로움 (민감 그룹)','2024-04-01 08:07:20','2024-04-01 08:07:20','2024-04-04 00:00:00'),(290,224031,2,5.4,16.6,6.3,21.8,0,0,51,7.4,7336.8,7,'해로움 (민감 그룹)','2024-04-01 08:07:20','2024-04-01 08:07:20','2024-04-05 00:00:00'),(291,3353997,6,7.3,17.5,4.2,20.4,0,0,49,11.1,6724.3,7,'해로움 (민감 그룹)','2024-04-01 08:07:20','2024-04-01 08:07:20','2024-04-01 00:00:00'),(292,3353997,3,10.9,12,6.4,14.2,0.7,0,67,13,6530.9,7,'해로움 (민감 그룹)','2024-04-01 08:07:20','2024-04-01 08:07:20','2024-04-02 00:00:00'),(293,3353997,4,7.3,14.1,2.5,16.7,0,0,69,11.1,570.9,3,'보통','2024-04-01 08:07:21','2024-04-01 08:07:21','2024-04-03 00:00:00'),(294,3353997,6,7.6,13.2,8.3,16.6,0,0,66,13,5297,7,'해로움 (민감 그룹)','2024-04-01 08:07:21','2024-04-01 08:07:21','2024-04-04 00:00:00'),(295,3353997,1,6.2,12.1,6.6,17,0,0,68,9.3,7338.1,7,'해로움 (민감 그룹)','2024-04-01 08:07:21','2024-04-01 08:07:21','2024-04-05 00:00:00'),(296,2330394,1,3.5,26.8,0.5,28.4,0,0,40,5.6,7323.1,7,'해로움 (민감 그룹)','2024-04-01 08:07:21','2024-04-01 08:07:21','2024-04-01 00:00:00'),(297,2330394,6,13.6,27.8,13.3,29,0,0,36,9.3,368.6,3,'보통','2024-04-01 08:07:21','2024-04-01 08:07:21','2024-04-02 00:00:00'),(298,2330394,6,10.7,17.4,11.8,21.1,0,0,81,3.7,371,3,'보통','2024-04-01 08:07:21','2024-04-01 08:07:21','2024-04-03 00:00:00'),(299,2330394,2,6.8,17.7,9,24.2,0,0,81,3.7,7314.5,8,'건강에 해로움','2024-04-01 08:07:21','2024-04-01 08:07:21','2024-04-04 00:00:00'),(300,2330394,2,6.8,19.1,6.9,23.9,0,0,63,3.7,7505.1,8,'건강에 해로움','2024-04-01 08:07:21','2024-04-01 08:07:21','2024-04-05 00:00:00'),(301,2330397,4,3.4,25.7,0.9,26.5,0,0,40,5.6,7320.6,7,'해로움 (민감 그룹)','2024-04-01 08:07:22','2024-04-01 08:07:22','2024-04-01 00:00:00'),(302,2330397,6,14,28.7,13.5,29.8,0,0,36,9.3,368.4,3,'보통','2024-04-01 08:07:22','2024-04-01 08:07:22','2024-04-02 00:00:00'),(303,2330397,6,10.4,17.9,11.1,21.6,0,0,82,3.7,370.8,3,'보통','2024-04-01 08:07:22','2024-04-01 08:07:22','2024-04-03 00:00:00'),(304,2330397,3,7.1,18.5,9.1,24.5,0,0,79,3.7,7283.3,8,'건강에 해로움','2024-04-01 08:07:22','2024-04-01 08:07:22','2024-04-04 00:00:00'),(305,2330397,1,6.5,19.7,6.2,24,0,0,62,3.7,7503.2,8,'건강에 해로움','2024-04-01 08:07:22','2024-04-01 08:07:22','2024-04-05 00:00:00'),(306,2330396,4,3.4,25.7,0.9,26.5,0,0,40,5.6,7320.6,7,'해로움 (민감 그룹)','2024-04-01 08:07:22','2024-04-01 08:07:22','2024-04-01 00:00:00'),(307,2330396,6,14,28.7,13.5,29.8,0,0,36,9.3,368.4,3,'보통','2024-04-01 08:07:22','2024-04-01 08:07:22','2024-04-02 00:00:00'),(308,2330396,6,10.4,17.9,11.1,21.6,0,0,82,3.7,370.8,3,'보통','2024-04-01 08:07:22','2024-04-01 08:07:22','2024-04-03 00:00:00'),(309,2330396,3,7.1,18.5,9.1,24.5,0,0,79,3.7,7283.3,8,'건강에 해로움','2024-04-01 08:07:22','2024-04-01 08:07:22','2024-04-04 00:00:00'),(310,2330396,1,6.5,19.7,6.2,24,0,0,62,3.7,7503.2,8,'건강에 해로움','2024-04-01 08:07:22','2024-04-01 08:07:22','2024-04-05 00:00:00'),(311,2330393,4,3.4,25.7,0.9,26.5,0,0,40,5.6,7320.6,7,'해로움 (민감 그룹)','2024-04-01 08:07:23','2024-04-01 08:07:23','2024-04-01 00:00:00'),(312,2330393,6,14,28.7,13.5,29.8,0,0,36,9.3,368.4,3,'보통','2024-04-01 08:07:23','2024-04-01 08:07:23','2024-04-02 00:00:00'),(313,2330393,6,10.4,17.9,11.1,21.6,0,0,82,3.7,370.8,3,'보통','2024-04-01 08:07:23','2024-04-01 08:07:23','2024-04-03 00:00:00'),(314,2330393,3,7.1,18.5,9.1,24.5,0,0,79,3.7,7283.3,8,'건강에 해로움','2024-04-01 08:07:23','2024-04-01 08:07:23','2024-04-04 00:00:00'),(315,2330393,1,6.5,19.7,6.2,24,0,0,62,3.7,7503.2,8,'건강에 해로움','2024-04-01 08:07:23','2024-04-01 08:07:23','2024-04-05 00:00:00'),(316,2330395,4,2.7,27.5,1.7,27.6,0,0,32,9.3,7324.3,7,'해로움 (민감 그룹)','2024-04-01 08:07:23','2024-04-01 08:07:23','2024-04-01 00:00:00'),(317,2330395,6,14,28.4,13.4,29.3,0,0,35,11.1,368.6,3,'보통','2024-04-01 08:07:23','2024-04-01 08:07:23','2024-04-02 00:00:00'),(318,2330395,6,9.9,17.8,11.4,21.4,0,0,81,3.7,503.6,4,'보통','2024-04-01 08:07:23','2024-04-01 08:07:23','2024-04-03 00:00:00'),(319,2330395,3,6.7,18.5,9.1,24.4,0,0,79,3.7,7286.7,8,'건강에 해로움','2024-04-01 08:07:23','2024-04-01 08:07:23','2024-04-04 00:00:00'),(320,2330395,1,6.1,19.8,5.8,24,0,0,61,3.7,7509.7,8,'건강에 해로움','2024-04-01 08:07:23','2024-04-01 08:07:23','2024-04-05 00:00:00'),(321,2330389,1,4.4,21.5,4.2,22.3,0,0,32,9.3,7240,7,'해로움 (민감 그룹)','2024-04-01 08:07:23','2024-04-01 08:07:23','2024-04-01 00:00:00'),(322,2330389,12,12.6,26.2,10.9,25.4,0.5,0,35,7.4,390.7,1,'좋음','2024-04-01 08:07:24','2024-04-01 08:07:24','2024-04-02 00:00:00'),(323,2330389,4,7.9,16.3,4.5,17.2,0,0,80,14.8,367,3,'보통','2024-04-01 08:07:24','2024-04-01 08:07:24','2024-04-03 00:00:00'),(324,2330389,6,6.1,17.9,7.7,23,0,0,67,9.3,6660.2,7,'해로움 (민감 그룹)','2024-04-01 08:07:24','2024-04-01 08:07:24','2024-04-04 00:00:00'),(325,2330389,1,4.8,18.9,7.4,23,0,0,58,3.7,7428.8,7,'해로움 (민감 그룹)','2024-04-01 08:07:24','2024-04-01 08:07:24','2024-04-05 00:00:00'),(326,2330390,1,4.4,21.5,4.2,22.3,0,0,32,9.3,7240,7,'해로움 (민감 그룹)','2024-04-01 08:07:24','2024-04-01 08:07:24','2024-04-01 00:00:00'),(327,2330390,12,12.6,26.2,10.9,25.4,0.5,0,35,7.4,390.7,1,'좋음','2024-04-01 08:07:24','2024-04-01 08:07:24','2024-04-02 00:00:00'),(328,2330390,4,7.9,16.3,4.5,17.2,0,0,80,14.8,367,3,'보통','2024-04-01 08:07:24','2024-04-01 08:07:24','2024-04-03 00:00:00'),(329,2330390,6,6.1,17.9,7.7,23,0,0,67,9.3,6660.2,7,'해로움 (민감 그룹)','2024-04-01 08:07:24','2024-04-01 08:07:24','2024-04-04 00:00:00'),(330,2330390,1,4.8,18.9,7.4,23,0,0,58,3.7,7428.8,7,'해로움 (민감 그룹)','2024-04-01 08:07:24','2024-04-01 08:07:24','2024-04-05 00:00:00'),(331,2330391,1,4,21.5,3.8,22.5,0,0,32,9.3,7238.7,7,'해로움 (민감 그룹)','2024-04-01 08:07:24','2024-04-01 08:07:24','2024-04-01 00:00:00'),(332,2330391,12,12.8,26.3,11.3,25.6,0.5,0,34,7.4,390.7,2,'좋음','2024-04-01 08:07:24','2024-04-01 08:07:24','2024-04-02 00:00:00'),(333,2330391,4,8.1,16.5,4.7,17.3,0,0,80,14.8,366.9,3,'보통','2024-04-01 08:07:24','2024-04-01 08:07:24','2024-04-03 00:00:00'),(334,2330391,6,6.3,18.2,8,23,0,0,65,9.3,6340.1,7,'해로움 (민감 그룹)','2024-04-01 08:07:24','2024-04-01 08:07:24','2024-04-04 00:00:00'),(335,2330391,1,4.9,18.9,7.1,23.2,0,0,57,3.7,7427.5,7,'해로움 (민감 그룹)','2024-04-01 08:07:24','2024-04-01 08:07:24','2024-04-05 00:00:00'),(336,1315057,1,3.5,21.8,3.3,24.2,0,0,32,7.4,7234.9,7,'해로움 (민감 그룹)','2024-04-01 08:07:25','2024-04-01 08:07:25','2024-04-01 00:00:00'),(337,1315057,12,13.1,26.4,11.6,25.7,0.5,0,34,7.4,390.5,2,'좋음','2024-04-01 08:07:25','2024-04-01 08:07:25','2024-04-02 00:00:00'),(338,1315057,4,8.2,16.8,4.8,17.9,0,0,79,14.8,366.8,3,'보통','2024-04-01 08:07:25','2024-04-01 08:07:25','2024-04-03 00:00:00'),(339,1315057,6,6.4,18.5,8.2,22.3,0,0,64,9.3,6137.8,7,'해로움 (민감 그룹)','2024-04-01 08:07:25','2024-04-01 08:07:25','2024-04-04 00:00:00'),(340,1315057,1,4.8,19.2,6.9,23.3,0,0,56,3.7,7424.4,7,'해로움 (민감 그룹)','2024-04-01 08:07:25','2024-04-01 08:07:25','2024-04-05 00:00:00'),(341,2330388,1,3.5,21.8,3.3,24.2,0,0,32,7.4,7234.9,7,'해로움 (민감 그룹)','2024-04-01 08:07:25','2024-04-01 08:07:25','2024-04-01 00:00:00'),(342,2330388,12,13.1,26.4,11.6,25.7,0.5,0,34,7.4,390.5,2,'좋음','2024-04-01 08:07:25','2024-04-01 08:07:25','2024-04-02 00:00:00'),(343,2330388,4,8.2,16.8,4.8,17.9,0,0,79,14.8,366.8,3,'보통','2024-04-01 08:07:26','2024-04-01 08:07:26','2024-04-03 00:00:00'),(344,2330388,6,6.4,18.5,8.2,22.3,0,0,64,9.3,6137.8,7,'해로움 (민감 그룹)','2024-04-01 08:07:26','2024-04-01 08:07:26','2024-04-04 00:00:00'),(345,2330388,1,4.8,19.2,6.9,23.3,0,0,56,3.7,7424.4,7,'해로움 (민감 그룹)','2024-04-01 08:07:26','2024-04-01 08:07:26','2024-04-05 00:00:00'),(346,2330445,1,7.7,20.8,7.4,24.4,0,0,34,11.1,7294.2,7,'해로움 (민감 그룹)','2024-04-01 08:07:26','2024-04-01 08:07:26','2024-04-01 00:00:00'),(347,2330445,6,13.4,22.2,11.9,24,0,0,40,9.3,4759.6,7,'해로움 (민감 그룹)','2024-04-01 08:07:26','2024-04-01 08:07:26','2024-04-02 00:00:00'),(348,2330445,6,9.5,15.5,7.4,15.3,0,0,88,16.7,1370.6,4,'보통','2024-04-01 08:07:26','2024-04-01 08:07:26','2024-04-03 00:00:00'),(349,2330445,2,7.9,16.1,9.3,19.2,0,0,56,14.8,7375.3,7,'해로움 (민감 그룹)','2024-04-01 08:07:26','2024-04-01 08:07:26','2024-04-04 00:00:00'),(350,2330445,1,6.8,17,7.9,23,0,0,49,3.7,7478.8,8,'건강에 해로움','2024-04-01 08:07:26','2024-04-01 08:07:26','2024-04-05 00:00:00'),(351,2330446,1,7.7,20.8,7.4,24.4,0,0,34,11.1,7294.2,7,'해로움 (민감 그룹)','2024-04-01 08:07:26','2024-04-01 08:07:26','2024-04-01 00:00:00'),(352,2330446,6,13.4,22.2,11.9,24,0,0,40,9.3,4759.6,7,'해로움 (민감 그룹)','2024-04-01 08:07:26','2024-04-01 08:07:26','2024-04-02 00:00:00'),(353,2330446,6,9.5,15.5,7.4,15.3,0,0,88,16.7,1370.6,4,'보통','2024-04-01 08:07:26','2024-04-01 08:07:26','2024-04-03 00:00:00'),(354,2330446,2,7.9,16.1,9.3,19.2,0,0,56,14.8,7375.3,7,'해로움 (민감 그룹)','2024-04-01 08:07:26','2024-04-01 08:07:26','2024-04-04 00:00:00'),(355,2330446,1,6.8,17,7.9,23,0,0,49,3.7,7478.8,8,'건강에 해로움','2024-04-01 08:07:27','2024-04-01 08:07:27','2024-04-05 00:00:00'),(356,226448,1,9.8,19.8,7.5,21.6,0,0,41,16.7,7298.7,7,'해로움 (민감 그룹)','2024-04-01 08:07:27','2024-04-01 08:07:27','2024-04-01 00:00:00'),(357,226448,6,13.6,18.4,10.9,21.6,0,0,52,14.8,5079.1,7,'해로움 (민감 그룹)','2024-04-01 08:07:27','2024-04-01 08:07:27','2024-04-02 00:00:00'),(358,226448,6,10.5,15.2,6,14.2,0,0,87,24.1,1631.8,4,'보통','2024-04-01 08:07:27','2024-04-01 08:07:27','2024-04-03 00:00:00'),(359,226448,2,11.2,14.9,10.1,16,0,0,57,22.2,7381.2,8,'건강에 해로움','2024-04-01 08:07:27','2024-04-01 08:07:27','2024-04-04 00:00:00'),(360,226448,1,8.4,15.4,8.5,20.8,0,0,50,7.4,7482.6,8,'건강에 해로움','2024-04-01 08:07:27','2024-04-01 08:07:27','2024-04-05 00:00:00'),(361,226439,1,7.7,20.8,7.4,24.4,0,0,34,11.1,7294.2,7,'해로움 (민감 그룹)','2024-04-01 08:07:27','2024-04-01 08:07:27','2024-04-01 00:00:00'),(362,226439,6,13.4,22.2,11.9,24,0,0,40,9.3,4759.6,7,'해로움 (민감 그룹)','2024-04-01 08:07:28','2024-04-01 08:07:28','2024-04-02 00:00:00'),(363,226439,6,9.5,15.5,7.4,15.3,0,0,88,16.7,1370.6,4,'보통','2024-04-01 08:07:28','2024-04-01 08:07:28','2024-04-03 00:00:00'),(364,226439,2,7.9,16.1,9.3,19.2,0,0,56,14.8,7375.3,7,'해로움 (민감 그룹)','2024-04-01 08:07:28','2024-04-01 08:07:28','2024-04-04 00:00:00'),(365,226439,1,6.8,17,7.9,23,0,0,49,3.7,7478.8,8,'건강에 해로움','2024-04-01 08:07:28','2024-04-01 08:07:28','2024-04-05 00:00:00'),(366,2330447,1,7.4,21.8,6.3,22.7,0,0,31,11.1,7289.3,7,'해로움 (민감 그룹)','2024-04-01 08:07:28','2024-04-01 08:07:28','2024-04-01 00:00:00'),(367,2330447,12,12.6,23.9,11.2,23.2,0.3,0,34,9.3,2516.8,2,'좋음','2024-04-01 08:07:28','2024-04-01 08:07:28','2024-04-02 00:00:00'),(368,2330447,6,7.7,14.9,7,15,0,0,90,14.8,1516.5,4,'보통','2024-04-01 08:07:28','2024-04-01 08:07:28','2024-04-03 00:00:00'),(369,2330447,2,6.1,15.5,7.8,19.8,0,0,60,11.1,7324.7,8,'건강에 해로움','2024-04-01 08:07:28','2024-04-01 08:07:28','2024-04-04 00:00:00'),(370,2330447,1,5.5,17.5,6.1,23.1,0,0,51,3.7,7474.6,8,'건강에 해로움','2024-04-01 08:07:28','2024-04-01 08:07:28','2024-04-05 00:00:00'),(371,2330368,1,0.9,20.8,1.2,22.1,0,0,36,9.3,7221.1,7,'해로움 (민감 그룹)','2024-04-01 08:07:29','2024-04-01 08:07:29','2024-04-01 00:00:00'),(372,2330368,8,12.6,25.7,12.6,25.2,0,0,40,7.4,797.3,2,'좋음','2024-04-01 08:07:29','2024-04-01 08:07:29','2024-04-02 00:00:00'),(373,2330368,4,7.2,16.6,5.8,19.6,0,0,82,9.3,390.9,3,'보통','2024-04-01 08:07:29','2024-04-01 08:07:29','2024-04-03 00:00:00'),(374,2330368,2,6,18.4,7.6,22.6,0,0,66,5.6,7238.2,7,'해로움 (민감 그룹)','2024-04-01 08:07:29','2024-04-01 08:07:29','2024-04-04 00:00:00'),(375,2330368,1,4.8,18.9,6.7,22.7,0,0,58,5.6,7411.6,7,'해로움 (민감 그룹)','2024-04-01 08:07:29','2024-04-01 08:07:29','2024-04-05 00:00:00'),(376,223670,6,2.9,17.5,2,22.1,0,0,28,11.1,7135,7,'해로움 (민감 그룹)','2024-04-01 08:07:29','2024-04-01 08:07:29','2024-04-01 00:00:00'),(377,223670,14,12.1,23.6,11.2,25.2,0.8,0,31,9.3,5086.5,7,'해로움 (민감 그룹)','2024-04-01 08:07:29','2024-04-01 08:07:29','2024-04-02 00:00:00'),(378,223670,4,6.5,17,3.6,19.9,0,0,68,7.4,745.7,3,'보통','2024-04-01 08:07:29','2024-04-01 08:07:29','2024-04-03 00:00:00'),(379,223670,2,5.6,17.9,7.7,22,0,0,60,9.3,7241.9,7,'해로움 (민감 그룹)','2024-04-01 08:07:29','2024-04-01 08:07:29','2024-04-04 00:00:00'),(380,223670,1,5.5,17.8,6.6,21.4,0,0,51,5.6,7369.4,7,'해로움 (민감 그룹)','2024-04-01 08:07:29','2024-04-01 08:07:29','2024-04-05 00:00:00'),(381,223672,2,4.3,18.8,3.4,21.2,0,0,28,11.1,7148.7,7,'해로움 (민감 그룹)','2024-04-01 08:07:30','2024-04-01 08:07:30','2024-04-01 00:00:00'),(382,223672,6,11.9,23.9,11.9,24.9,0,0,33,9.3,3724.9,5,'보통','2024-04-01 08:07:30','2024-04-01 08:07:30','2024-04-02 00:00:00'),(383,223672,6,7.9,17.7,8.8,18,0,0,61,9.3,816.1,3,'보통','2024-04-01 08:07:30','2024-04-01 08:07:30','2024-04-03 00:00:00'),(384,223672,3,6.6,18.8,8,22.1,0,0,48,9.3,6865.9,7,'해로움 (민감 그룹)','2024-04-01 08:07:30','2024-04-01 08:07:30','2024-04-04 00:00:00'),(385,223672,1,6.5,18.8,7.9,22.2,0,0,45,7.4,7357.1,7,'해로움 (민감 그룹)','2024-04-01 08:07:30','2024-04-01 08:07:30','2024-04-05 00:00:00'),(386,498,6,3,19.1,2.3,20.7,0,0,28,11.1,7025.9,7,'해로움 (민감 그룹)','2024-04-01 08:07:30','2024-04-01 08:07:30','2024-04-01 00:00:00'),(387,498,4,10.9,24.4,9.3,26.2,0.7,0,30,9.3,5248,6,'해로움 (민감 그룹)','2024-04-01 08:07:30','2024-04-01 08:07:30','2024-04-02 00:00:00'),(388,498,4,6.4,20,4.7,21.7,0,0,50,5.6,661.5,3,'보통','2024-04-01 08:07:30','2024-04-01 08:07:30','2024-04-03 00:00:00'),(389,498,6,6.5,21,8.4,24.2,0,0,40,9.3,6145.7,7,'해로움 (민감 그룹)','2024-04-01 08:07:30','2024-04-01 08:07:30','2024-04-04 00:00:00'),(390,498,2,5.8,18.6,7.4,23,0,0,41,5.6,7296,7,'해로움 (민감 그룹)','2024-04-01 08:07:30','2024-04-01 08:07:30','2024-04-05 00:00:00'),(391,223639,2,1.8,18.6,1.2,21.8,0,0,28,11.1,7165.9,7,'해로움 (민감 그룹)','2024-04-01 08:07:30','2024-04-01 08:07:30','2024-04-01 00:00:00'),(392,223639,12,11.7,24.2,10.9,24.7,0.5,0,33,9.3,3801,5,'보통','2024-04-01 08:07:30','2024-04-01 08:07:30','2024-04-02 00:00:00'),(393,223639,6,6.1,16.8,2.9,19.3,0,0,71,7.4,749.9,3,'보통','2024-04-01 08:07:30','2024-04-01 08:07:30','2024-04-03 00:00:00'),(394,223639,2,4.8,17.2,6.6,21.4,0,0,63,9.3,7274.7,7,'해로움 (민감 그룹)','2024-04-01 08:07:30','2024-04-01 08:07:30','2024-04-04 00:00:00'),(395,223639,1,5.5,18,6.6,21.2,0,0,53,7.4,7367.6,7,'해로움 (민감 그룹)','2024-04-01 08:07:30','2024-04-01 08:07:30','2024-04-05 00:00:00'),(396,223671,6,3.8,17.4,2.9,20.6,0,0,32,11.1,6998.9,7,'해로움 (민감 그룹)','2024-04-01 08:07:31','2024-04-01 08:07:31','2024-04-01 00:00:00'),(397,223671,6,11.4,22.6,8.9,23.4,0,0,34,9.3,4523,5,'보통','2024-04-01 08:07:31','2024-04-01 08:07:31','2024-04-02 00:00:00'),(398,223671,4,6.6,17.7,3.2,20.2,0,0,59,7.4,705.1,3,'보통','2024-04-01 08:07:31','2024-04-01 08:07:31','2024-04-03 00:00:00'),(399,223671,6,7.1,19.6,9.2,23.2,0,0,49,11.1,6614.6,7,'해로움 (민감 그룹)','2024-04-01 08:07:31','2024-04-01 08:07:31','2024-04-04 00:00:00'),(400,223671,2,5.8,17.4,7.5,21.9,0,0,48,7.4,7226.2,7,'해로움 (민감 그룹)','2024-04-01 08:07:31','2024-04-01 08:07:31','2024-04-05 00:00:00'),(401,223641,6,3.5,17,1.9,21.4,0,0,33,11.1,7079.8,7,'해로움 (민감 그룹)','2024-04-01 08:07:31','2024-04-01 08:07:31','2024-04-01 00:00:00'),(402,223641,4,12.2,22.8,11.4,24.4,0.4,0,35,11.1,4589,6,'해로움 (민감 그룹)','2024-04-01 08:07:31','2024-04-01 08:07:31','2024-04-02 00:00:00'),(403,223641,4,6.6,16.9,3.3,21.2,0,0,69,3.7,747.6,3,'보통','2024-04-01 08:07:32','2024-04-01 08:07:32','2024-04-03 00:00:00'),(404,223641,3,6.3,18,8.3,22.8,0,0,60,9.3,7065.3,7,'해로움 (민감 그룹)','2024-04-01 08:07:32','2024-04-01 08:07:32','2024-04-04 00:00:00'),(405,223641,2,5.7,16.7,7.9,21.4,0,0,54,7.4,7364.2,7,'해로움 (민감 그룹)','2024-04-01 08:07:32','2024-04-01 08:07:32','2024-04-05 00:00:00'),(406,223640,6,2.9,17.6,3.5,20.8,0,0,27,11.1,7039.7,7,'해로움 (민감 그룹)','2024-04-01 08:07:32','2024-04-01 08:07:32','2024-04-01 00:00:00'),(407,223640,4,10.2,23.5,9,25.5,0.4,0,31,9.3,4939.4,7,'해로움 (민감 그룹)','2024-04-01 08:07:32','2024-04-01 08:07:32','2024-04-02 00:00:00'),(408,223640,4,6.2,17.5,3.3,21.1,0,0,63,7.4,694.3,3,'보통','2024-04-01 08:07:32','2024-04-01 08:07:32','2024-04-03 00:00:00'),(409,223640,3,5.8,18.6,8,22.3,0,0,55,9.3,6927.3,7,'해로움 (민감 그룹)','2024-04-01 08:07:32','2024-04-01 08:07:32','2024-04-04 00:00:00'),(410,223640,1,5.2,17.7,6.4,21.4,0,0,48,7.4,7360.5,7,'해로움 (민감 그룹)','2024-04-01 08:07:32','2024-04-01 08:07:32','2024-04-05 00:00:00'),(411,223649,6,1.9,19.4,1.9,20.4,0,0,27,11.1,7034.8,7,'해로움 (민감 그룹)','2024-04-01 08:07:33','2024-04-01 08:07:33','2024-04-01 00:00:00'),(412,223649,6,10.8,24.3,10.4,25.1,0.4,0,32,7.4,3653,5,'보통','2024-04-01 08:07:33','2024-04-01 08:07:33','2024-04-02 00:00:00'),(413,223649,6,7,19.8,8.3,21.8,0,0,51,5.6,1106.7,3,'보통','2024-04-01 08:07:33','2024-04-01 08:07:33','2024-04-03 00:00:00'),(414,223649,6,5.4,20,8.1,24,0,0,41,5.6,6324.6,7,'해로움 (민감 그룹)','2024-04-01 08:07:33','2024-04-01 08:07:33','2024-04-04 00:00:00'),(415,223649,1,5.8,18.9,8,22.3,0,0,41,5.6,7345.7,7,'해로움 (민감 그룹)','2024-04-01 08:07:33','2024-04-01 08:07:33','2024-04-05 00:00:00'),(416,223650,1,2.9,17.5,0.8,22.2,0,0,32,9.3,7170.5,7,'해로움 (민감 그룹)','2024-04-01 08:07:33','2024-04-01 08:07:33','2024-04-01 00:00:00'),(417,223650,14,11.6,23.6,10.3,24.8,1,0,36,11.1,5039.3,7,'해로움 (민감 그룹)','2024-04-01 08:07:33','2024-04-01 08:07:33','2024-04-02 00:00:00'),(418,223650,6,6.4,17.3,3.7,19.6,0,0,76,7.4,877.9,3,'보통','2024-04-01 08:07:33','2024-04-01 08:07:33','2024-04-03 00:00:00'),(419,223650,2,5.3,18.1,7.2,23.9,0,0,64,7.4,7307.4,7,'해로움 (민감 그룹)','2024-04-01 08:07:33','2024-04-01 08:07:33','2024-04-04 00:00:00'),(420,223650,1,5.5,18.2,6.9,21.9,0,0,57,5.6,7377,7,'해로움 (민감 그룹)','2024-04-01 08:07:33','2024-04-01 08:07:33','2024-04-05 00:00:00'),(421,223646,1,2.1,18.1,-0.5,22.6,0,0,33,9.3,7173.8,7,'해로움 (민감 그룹)','2024-04-01 08:07:34','2024-04-01 08:07:34','2024-04-01 00:00:00'),(422,223646,14,11.3,23.9,9.6,25.1,0.6,0,36,11.1,4766.6,6,'해로움 (민감 그룹)','2024-04-01 08:07:34','2024-04-01 08:07:34','2024-04-02 00:00:00'),(423,223646,6,6.3,17,3.9,18.5,0,0,79,7.4,747.5,3,'보통','2024-04-01 08:07:34','2024-04-01 08:07:34','2024-04-03 00:00:00'),(424,223646,2,5.1,17.8,7,22.3,0,0,67,7.4,7310.8,7,'해로움 (민감 그룹)','2024-04-01 08:07:34','2024-04-01 08:07:34','2024-04-04 00:00:00'),(425,223646,1,5.6,18.4,6.8,22,0,0,56,5.6,7377.4,7,'해로움 (민감 그룹)','2024-04-01 08:07:34','2024-04-01 08:07:34','2024-04-05 00:00:00'),(426,223648,6,1.7,19.1,1.6,20.1,0,0,27,11.1,7057.2,7,'해로움 (민감 그룹)','2024-04-01 08:07:34','2024-04-01 08:07:34','2024-04-01 00:00:00'),(427,223648,14,10.5,24,10,25.9,1.4,0,30,7.4,5995.9,7,'해로움 (민감 그룹)','2024-04-01 08:07:34','2024-04-01 08:07:34','2024-04-02 00:00:00'),(428,223648,4,5.9,20.6,5.6,22.1,0,0,48,5.6,786.6,3,'보통','2024-04-01 08:07:34','2024-04-01 08:07:34','2024-04-03 00:00:00'),(429,223648,6,5.7,20.6,8.1,24,0,0,37,7.4,6290.9,7,'해로움 (민감 그룹)','2024-04-01 08:07:34','2024-04-01 08:07:34','2024-04-04 00:00:00'),(430,223648,2,5.5,18.9,7.6,23,0,0,38,5.6,7329.5,7,'해로움 (민감 그룹)','2024-04-01 08:07:34','2024-04-01 08:07:34','2024-04-05 00:00:00'),(431,223647,6,2.1,18.3,1.4,21.2,0,0,28,11.1,7022.3,7,'해로움 (민감 그룹)','2024-04-01 08:07:34','2024-04-01 08:07:34','2024-04-01 00:00:00'),(432,223647,4,11.5,24.3,10.9,26.5,0,0,30,7.4,4891.7,6,'해로움 (민감 그룹)','2024-04-01 08:07:35','2024-04-01 08:07:35','2024-04-02 00:00:00'),(433,223647,4,6.7,18.2,3.7,21.9,0,0,61,5.6,684.5,3,'보통','2024-04-01 08:07:35','2024-04-01 08:07:35','2024-04-03 00:00:00'),(434,223647,3,6.5,20,8.8,23.7,0,0,50,11.1,6821.6,7,'해로움 (민감 그룹)','2024-04-01 08:07:35','2024-04-01 08:07:35','2024-04-04 00:00:00'),(435,223647,2,6,18.1,7.5,22.1,0,0,48,7.4,7344.2,7,'해로움 (민감 그룹)','2024-04-01 08:07:35','2024-04-01 08:07:35','2024-04-05 00:00:00'),(436,223659,6,2.3,19,2.5,20.9,0,0,28,11.1,7081.4,7,'해로움 (민감 그룹)','2024-04-01 08:07:35','2024-04-01 08:07:35','2024-04-01 00:00:00'),(437,223659,14,10.9,24.1,9.4,25.8,0.9,0,29,7.4,6115.8,7,'해로움 (민감 그룹)','2024-04-01 08:07:35','2024-04-01 08:07:35','2024-04-02 00:00:00'),(438,223659,6,6.4,20.7,5.7,22.1,0,0,46,5.6,823.6,3,'보통','2024-04-01 08:07:35','2024-04-01 08:07:35','2024-04-03 00:00:00'),(439,223659,6,6.6,21,8.9,23.9,0,0,38,7.4,5897.5,7,'해로움 (민감 그룹)','2024-04-01 08:07:35','2024-04-01 08:07:35','2024-04-04 00:00:00'),(440,223659,2,6,19,8,23.3,0,0,37,5.6,7156,7,'해로움 (민감 그룹)','2024-04-01 08:07:36','2024-04-01 08:07:36','2024-04-05 00:00:00'),(441,223645,2,3.6,18.2,3.6,21.4,0,0,28,11.1,7122.6,7,'해로움 (민감 그룹)','2024-04-01 08:07:36','2024-04-01 08:07:36','2024-04-01 00:00:00'),(442,223645,12,12,24,11,25.4,0.8,0,30,7.4,4105.5,5,'보통','2024-04-01 08:07:36','2024-04-01 08:07:36','2024-04-02 00:00:00'),(443,223645,4,6.6,18.2,3.8,21.5,0,0,59,7.4,667.6,3,'보통','2024-04-01 08:07:36','2024-04-01 08:07:36','2024-04-03 00:00:00'),(444,223645,3,6.4,19.7,8.7,23.5,0,0,48,9.3,6927.8,7,'해로움 (민감 그룹)','2024-04-01 08:07:36','2024-04-01 08:07:36','2024-04-04 00:00:00'),(445,223645,2,6.3,18,7.9,21.9,0,0,47,7.4,7347.7,7,'해로움 (민감 그룹)','2024-04-01 08:07:37','2024-04-01 08:07:37','2024-04-05 00:00:00'),(446,223636,2,3.3,17.6,2.9,20.6,0,0,33,11.1,7118.8,7,'해로움 (민감 그룹)','2024-04-01 08:07:37','2024-04-01 08:07:37','2024-04-01 00:00:00'),(447,223636,6,10.7,22.3,7.7,22.8,0,0,34,9.3,4337.5,5,'보통','2024-04-01 08:07:37','2024-04-01 08:07:37','2024-04-02 00:00:00'),(448,223636,4,6.3,19.1,4.2,20.9,0,0,51,5.6,708.7,3,'보통','2024-04-01 08:07:37','2024-04-01 08:07:37','2024-04-03 00:00:00'),(449,223636,6,7.2,20.3,9.1,23.4,0,0,45,9.3,5810.6,7,'해로움 (민감 그룹)','2024-04-01 08:07:37','2024-04-01 08:07:37','2024-04-04 00:00:00'),(450,223636,2,5.5,17.8,7.2,22.1,0,0,46,7.4,7102,7,'해로움 (민감 그룹)','2024-04-01 08:07:37','2024-04-01 08:07:37','2024-04-05 00:00:00'),(451,223643,2,3.2,17.5,2.5,20.8,0,0,27,11.1,7153.6,7,'해로움 (민감 그룹)','2024-04-01 08:07:38','2024-04-01 08:07:38','2024-04-01 00:00:00'),(452,223643,6,12.3,23.5,11.7,24.7,0.4,0,30,9.3,3813.9,5,'보통','2024-04-01 08:07:38','2024-04-01 08:07:38','2024-04-02 00:00:00'),(453,223643,4,7,17.4,4,21.3,0,0,65,5.6,706,3,'보통','2024-04-01 08:07:38','2024-04-01 08:07:38','2024-04-03 00:00:00'),(454,223643,3,6.2,18.4,8.5,22.3,0,0,57,9.3,6948.7,7,'해로움 (민감 그룹)','2024-04-01 08:07:38','2024-04-01 08:07:38','2024-04-04 00:00:00'),(455,223643,1,6.1,17.4,7.7,21.4,0,0,50,7.4,7363.3,7,'해로움 (민감 그룹)','2024-04-01 08:07:38','2024-04-01 08:07:38','2024-04-05 00:00:00'),(456,223637,6,4.8,19,7,20.7,0,0,26,11.1,7050.2,7,'해로움 (민감 그룹)','2024-04-01 08:07:38','2024-04-01 08:07:38','2024-04-01 00:00:00'),(457,223637,12,11.8,24.1,11.5,25.4,0.6,0,30,7.4,3771.2,5,'보통','2024-04-01 08:07:38','2024-04-01 08:07:38','2024-04-02 00:00:00'),(458,223637,6,6.9,17.3,6.3,21.4,0,0,63,5.6,881.9,3,'보통','2024-04-01 08:07:38','2024-04-01 08:07:38','2024-04-03 00:00:00'),(459,223637,3,4.9,18.1,7.8,22,0,0,53,7.4,6852.8,7,'해로움 (민감 그룹)','2024-04-01 08:07:38','2024-04-01 08:07:38','2024-04-04 00:00:00'),(460,223637,1,5.2,17.9,8,21.5,0,0,48,5.6,7358,7,'해로움 (민감 그룹)','2024-04-01 08:07:38','2024-04-01 08:07:38','2024-04-05 00:00:00'),(461,223642,1,0.1,19.6,0.2,20.8,0,0,31,9.3,7155.6,7,'해로움 (민감 그룹)','2024-04-01 08:07:39','2024-04-01 08:07:39','2024-04-01 00:00:00'),(462,223642,12,11.7,24.8,11.2,26.3,0.6,0,36,7.4,3051.2,3,'보통','2024-04-01 08:07:39','2024-04-01 08:07:39','2024-04-02 00:00:00'),(463,223642,6,5.4,16.6,3.1,19.7,0,0,79,7.4,822.5,3,'보통','2024-04-01 08:07:39','2024-04-01 08:07:39','2024-04-03 00:00:00'),(464,223642,2,3.3,17.5,4.7,20.8,0,0,64,9.3,7299.6,7,'해로움 (민감 그룹)','2024-04-01 08:07:39','2024-04-01 08:07:39','2024-04-04 00:00:00'),(465,223642,1,4.3,18.2,6.5,21.2,0,0,56,5.6,7373.9,7,'해로움 (민감 그룹)','2024-04-01 08:07:39','2024-04-01 08:07:39','2024-04-05 00:00:00'),(466,2330414,1,2.1,18.3,2.3,20.3,0,0,27,11.1,7111.5,7,'해로움 (민감 그룹)','2024-04-01 08:07:39','2024-04-01 08:07:39','2024-04-01 00:00:00'),(467,2330414,4,10,23.3,8.9,25.1,0,0,29,7.4,5851,7,'해로움 (민감 그룹)','2024-04-01 08:07:39','2024-04-01 08:07:39','2024-04-02 00:00:00'),(468,2330414,4,5.7,20.7,6.1,22.2,0,0,44,5.6,686.6,3,'보통','2024-04-01 08:07:39','2024-04-01 08:07:39','2024-04-03 00:00:00'),(469,2330414,3,5.8,20.3,7.7,23.4,0,0,36,5.6,6941.5,7,'해로움 (민감 그룹)','2024-04-01 08:07:39','2024-04-01 08:07:39','2024-04-04 00:00:00'),(470,2330414,2,5.4,19,7.5,22.9,0,0,36,7.4,7275.2,7,'해로움 (민감 그룹)','2024-04-01 08:07:39','2024-04-01 08:07:39','2024-04-05 00:00:00'),(471,223634,1,2.1,18.4,1.1,21.8,0,0,32,9.3,7172.5,7,'해로움 (민감 그룹)','2024-04-01 08:07:40','2024-04-01 08:07:40','2024-04-01 00:00:00'),(472,223634,14,11.7,24.4,10.3,25.8,0.6,0,34,9.3,4944.7,7,'해로움 (민감 그룹)','2024-04-01 08:07:40','2024-04-01 08:07:40','2024-04-02 00:00:00'),(473,223634,6,6.2,17.4,3.9,19.2,0,0,76,9.3,812.7,3,'보통','2024-04-01 08:07:40','2024-04-01 08:07:40','2024-04-03 00:00:00'),(474,223634,2,5.1,18.1,6.9,22.3,0,0,66,7.4,7306.4,7,'해로움 (민감 그룹)','2024-04-01 08:07:40','2024-04-01 08:07:40','2024-04-04 00:00:00'),(475,223634,1,5.8,18.8,6.8,22.1,0,0,55,7.4,7374.1,7,'해로움 (민감 그룹)','2024-04-01 08:07:40','2024-04-01 08:07:40','2024-04-05 00:00:00'),(476,223644,6,1.8,19.3,1.3,21.5,0,0,28,11.1,7032.7,7,'해로움 (민감 그룹)','2024-04-01 08:07:40','2024-04-01 08:07:40','2024-04-01 00:00:00'),(477,223644,13,10.6,24.2,10,24.8,0.5,0,32,7.4,3054.9,4,'보통','2024-04-01 08:07:41','2024-04-01 08:07:41','2024-04-02 00:00:00'),(478,223644,6,6.8,19.4,8,22.1,0,0,54,5.6,1068.6,3,'보통','2024-04-01 08:07:41','2024-04-01 08:07:41','2024-04-03 00:00:00'),(479,223644,3,5.8,19.9,8.5,23.9,0,0,43,5.6,6768.5,7,'해로움 (민감 그룹)','2024-04-01 08:07:41','2024-04-01 08:07:41','2024-04-04 00:00:00'),(480,223644,1,6.1,18.9,8.2,23,0,0,42,5.6,7348.2,7,'해로움 (민감 그룹)','2024-04-01 08:07:41','2024-04-01 08:07:41','2024-04-05 00:00:00'),(481,223632,5,1.5,19.5,0.1,22.5,0,0,33,9.3,7188.3,7,'해로움 (민감 그룹)','2024-04-01 08:07:41','2024-04-01 08:07:41','2024-04-01 00:00:00'),(482,223632,6,11.8,25.1,10.8,26,0,0,37,9.3,4130.9,5,'보통','2024-04-01 08:07:41','2024-04-01 08:07:41','2024-04-02 00:00:00'),(483,223632,6,6,16.9,3.7,18.4,0,0,82,9.3,741.2,3,'보통','2024-04-01 08:07:41','2024-04-01 08:07:41','2024-04-03 00:00:00'),(484,223632,2,4.3,18.8,6,22.5,0,0,67,7.4,7308.3,7,'해로움 (민감 그룹)','2024-04-01 08:07:41','2024-04-01 08:07:41','2024-04-04 00:00:00'),(485,223632,1,5.7,18.9,6.8,22.2,0,0,57,7.4,7380,7,'해로움 (민감 그룹)','2024-04-01 08:07:41','2024-04-01 08:07:41','2024-04-05 00:00:00'),(486,2330409,1,0.7,17.9,-0.8,19.2,0,0,32,11.1,7103.7,7,'해로움 (민감 그룹)','2024-04-01 08:07:42','2024-04-01 08:07:42','2024-04-01 00:00:00'),(487,2330409,4,7.7,23.7,6.6,25.5,0.7,0,31,7.4,5921,7,'해로움 (민감 그룹)','2024-04-01 08:07:42','2024-04-01 08:07:42','2024-04-02 00:00:00'),(488,2330409,4,5,21.8,7,24.1,0,0,44,3.7,514.9,3,'보통','2024-04-01 08:07:42','2024-04-01 08:07:42','2024-04-03 00:00:00'),(489,2330409,3,2.7,19.4,6.1,22.9,0,0,40,5.6,6618.4,7,'해로움 (민감 그룹)','2024-04-01 08:07:42','2024-04-01 08:07:42','2024-04-04 00:00:00'),(490,2330409,2,5.1,19,6.7,22.3,0,0,37,7.4,7059.3,7,'해로움 (민감 그룹)','2024-04-01 08:07:42','2024-04-01 08:07:42','2024-04-05 00:00:00'),(491,223635,6,2.9,17.6,3.5,20.8,0,0,27,11.1,7033.6,7,'해로움 (민감 그룹)','2024-04-01 08:07:43','2024-04-01 08:07:43','2024-04-01 00:00:00'),(492,223635,4,10.2,23.5,9,25.5,0.4,0,31,9.3,4939.4,7,'해로움 (민감 그룹)','2024-04-01 08:07:43','2024-04-01 08:07:43','2024-04-02 00:00:00'),(493,223635,4,6.2,17.5,3.3,21.1,0,0,63,7.4,694.3,3,'보통','2024-04-01 08:07:43','2024-04-01 08:07:43','2024-04-03 00:00:00'),(494,223635,3,5.8,18.6,8,22.3,0,0,55,9.3,6927.3,7,'해로움 (민감 그룹)','2024-04-01 08:07:43','2024-04-01 08:07:43','2024-04-04 00:00:00'),(495,223635,1,5.2,17.7,6.4,21.4,0,0,48,7.4,7360.5,7,'해로움 (민감 그룹)','2024-04-01 08:07:43','2024-04-01 08:07:43','2024-04-05 00:00:00'),(496,223633,2,2.8,19.6,3.5,21.2,0,0,29,11.1,7142.3,7,'해로움 (민감 그룹)','2024-04-01 08:07:43','2024-04-01 08:07:43','2024-04-01 00:00:00'),(497,223633,6,10.6,24.4,10.1,25,0,0,34,7.4,2767.7,4,'보통','2024-04-01 08:07:44','2024-04-01 08:07:44','2024-04-02 00:00:00'),(498,223633,6,6.7,18.8,7.5,21.9,0,0,59,5.6,1078.8,3,'보통','2024-04-01 08:07:44','2024-04-01 08:07:44','2024-04-03 00:00:00'),(499,223633,6,5.2,19.4,7.8,23.4,0,0,48,5.6,6422.2,7,'해로움 (민감 그룹)','2024-04-01 08:07:44','2024-04-01 08:07:44','2024-04-04 00:00:00'),(500,223633,1,5.4,18.8,7.7,22.4,0,0,46,5.6,7352.4,7,'해로움 (민감 그룹)','2024-04-01 08:07:44','2024-04-01 08:07:44','2024-04-05 00:00:00'),(501,223656,1,0,19.5,1,21.1,0,0,30,11.1,7158.8,7,'해로움 (민감 그룹)','2024-04-01 08:07:44','2024-04-01 08:07:44','2024-04-01 00:00:00'),(502,223656,12,11.2,24.6,10.3,26.5,0.5,0,35,5.6,3452.8,4,'보통','2024-04-01 08:07:45','2024-04-01 08:07:45','2024-04-02 00:00:00'),(503,223656,6,5.4,16.6,6.9,20.9,0,0,71,3.7,715.3,3,'보통','2024-04-01 08:07:45','2024-04-01 08:07:45','2024-04-03 00:00:00'),(504,223656,2,3,16.8,4.6,21.9,0,0,61,3.7,7192.7,7,'해로움 (민감 그룹)','2024-04-01 08:07:45','2024-04-01 08:07:45','2024-04-04 00:00:00'),(505,223656,1,4.3,17.7,6.5,20.6,0,0,55,5.6,7363.4,7,'해로움 (민감 그룹)','2024-04-01 08:07:45','2024-04-01 08:07:45','2024-04-05 00:00:00'),(506,1315396,6,1.5,21,1.6,23.2,0,0,32,7.4,7097.5,7,'해로움 (민감 그룹)','2024-04-01 08:07:45','2024-04-01 08:07:45','2024-04-01 00:00:00'),(507,1315396,12,11.6,24.4,11.3,25.6,0.5,0,33,5.6,2931.1,3,'보통','2024-04-01 08:07:45','2024-04-01 08:07:45','2024-04-02 00:00:00'),(508,1315396,4,5.9,17.7,7.9,22,0,0,65,3.7,684.6,3,'보통','2024-04-01 08:07:45','2024-04-01 08:07:45','2024-04-03 00:00:00'),(509,1315396,3,3.9,17.6,6.2,23.4,0,0,56,3.7,7011.5,7,'해로움 (민감 그룹)','2024-04-01 08:07:45','2024-04-01 08:07:45','2024-04-04 00:00:00'),(510,1315396,1,4.4,17.8,6.4,20.8,0,0,55,5.6,7356.5,7,'해로움 (민감 그룹)','2024-04-01 08:07:45','2024-04-01 08:07:45','2024-04-05 00:00:00'),(511,223652,1,3.1,18.8,6.9,19.8,0,0,30,11.1,7111.4,7,'해로움 (민감 그룹)','2024-04-01 08:07:45','2024-04-01 08:07:45','2024-04-01 00:00:00'),(512,223652,4,9,24,8.1,25.5,0.5,0,33,5.6,5432.5,7,'해로움 (민감 그룹)','2024-04-01 08:07:45','2024-04-01 08:07:45','2024-04-02 00:00:00'),(513,223652,4,5.6,20.5,6.7,21.7,0,0,51,7.4,844.4,3,'보통','2024-04-01 08:07:45','2024-04-01 08:07:45','2024-04-03 00:00:00'),(514,223652,3,6.1,18.9,8.6,23.5,0,0,39,5.6,6809.4,7,'해로움 (민감 그룹)','2024-04-01 08:07:45','2024-04-01 08:07:45','2024-04-04 00:00:00'),(515,223652,1,5.9,18.5,8.7,22,0,0,41,7.4,7332.5,7,'해로움 (민감 그룹)','2024-04-01 08:07:45','2024-04-01 08:07:45','2024-04-05 00:00:00'),(516,223667,2,-0.2,19.1,-0.1,20.2,0,0,30,11.1,7005.1,7,'해로움 (민감 그룹)','2024-04-01 08:07:46','2024-04-01 08:07:46','2024-04-01 00:00:00'),(517,223667,14,8,24.2,5.5,26.4,0.9,0,32,7.4,5480.6,7,'해로움 (민감 그룹)','2024-04-01 08:07:46','2024-04-01 08:07:46','2024-04-02 00:00:00'),(518,223667,4,5.1,22.5,6.5,24,0,0,45,3.7,486.6,3,'보통','2024-04-01 08:07:46','2024-04-01 08:07:46','2024-04-03 00:00:00'),(519,223667,3,4,20.8,5.7,23.7,0,0,38,5.6,6825.5,7,'해로움 (민감 그룹)','2024-04-01 08:07:46','2024-04-01 08:07:46','2024-04-04 00:00:00'),(520,223667,2,4.9,19.9,7.1,23.1,0,0,37,5.6,7104.9,7,'해로움 (민감 그룹)','2024-04-01 08:07:46','2024-04-01 08:07:46','2024-04-05 00:00:00'),(521,223554,4,0,19.3,1.4,22.4,0,0,32,9.3,7115.2,7,'해로움 (민감 그룹)','2024-04-01 08:07:46','2024-04-01 08:07:46','2024-04-01 00:00:00'),(522,223554,14,8.5,24.2,8.2,26,2.9,0,34,5.6,5039.4,6,'해로움 (민감 그룹)','2024-04-01 08:07:46','2024-04-01 08:07:46','2024-04-02 00:00:00'),(523,223554,4,5.4,20.2,6.8,22.2,0,0,51,7.4,660.1,3,'보통','2024-04-01 08:07:47','2024-04-01 08:07:47','2024-04-03 00:00:00'),(524,223554,3,2.6,18.8,5.4,23.7,0,0,38,3.7,6859.8,7,'해로움 (민감 그룹)','2024-04-01 08:07:47','2024-04-01 08:07:47','2024-04-04 00:00:00'),(525,223554,1,4.6,19.2,7,21.8,0,0,42,7.4,7327.3,7,'해로움 (민감 그룹)','2024-04-01 08:07:47','2024-04-01 08:07:47','2024-04-05 00:00:00'),(526,223559,1,1.6,19.6,0.8,22.2,0,0,32,9.3,7156.9,7,'해로움 (민감 그룹)','2024-04-01 08:07:47','2024-04-01 08:07:47','2024-04-01 00:00:00'),(527,223559,12,11.7,24.5,11.8,25.9,0.5,0,31,7.4,2780.7,4,'보통','2024-04-01 08:07:47','2024-04-01 08:07:47','2024-04-02 00:00:00'),(528,223559,6,4.7,16.9,5.7,21,0,0,76,3.7,663.3,3,'보통','2024-04-01 08:07:47','2024-04-01 08:07:47','2024-04-03 00:00:00'),(529,223559,3,2.9,17,4.6,22.9,0,0,58,5.6,7168,7,'해로움 (민감 그룹)','2024-04-01 08:07:48','2024-04-01 08:07:48','2024-04-04 00:00:00'),(530,223559,1,3.4,17.7,5.1,20.6,0,0,55,7.4,7359.1,7,'해로움 (민감 그룹)','2024-04-01 08:07:48','2024-04-01 08:07:48','2024-04-05 00:00:00'),(531,223558,1,7.4,14.6,7.8,18.6,0,0,42,9.3,7096,7,'해로움 (민감 그룹)','2024-04-01 08:07:48','2024-04-01 08:07:48','2024-04-01 00:00:00'),(532,223558,12,8.5,14.1,3.9,13.7,1.1,0,62,14.8,899.5,2,'좋음','2024-04-01 08:07:48','2024-04-01 08:07:48','2024-04-02 00:00:00'),(533,223558,12,7,10.3,6.9,12.5,0.6,0,81,7.4,645.7,2,'좋음','2024-04-01 08:07:48','2024-04-01 08:07:48','2024-04-03 00:00:00'),(534,223558,3,5.6,12.3,7.3,14,0,0,57,14.8,6775.3,7,'해로움 (민감 그룹)','2024-04-01 08:07:48','2024-04-01 08:07:48','2024-04-04 00:00:00'),(535,223558,1,10.5,14.2,10.3,19.5,0,0,56,5.6,7316.7,7,'해로움 (민감 그룹)','2024-04-01 08:07:48','2024-04-01 08:07:48','2024-04-05 00:00:00'),(536,223557,1,6.9,16.5,5.9,20.6,0,0,42,9.3,7149.7,7,'해로움 (민감 그룹)','2024-04-01 08:07:48','2024-04-01 08:07:48','2024-04-01 00:00:00'),(537,223557,8,8.6,15.5,5.1,15.9,0,0,57,11.1,511.3,2,'좋음','2024-04-01 08:07:48','2024-04-01 08:07:48','2024-04-02 00:00:00'),(538,223557,12,6.7,10.1,5.7,11.5,0.6,0,90,9.3,932.7,2,'좋음','2024-04-01 08:07:48','2024-04-01 08:07:48','2024-04-03 00:00:00'),(539,223557,3,5.2,12.6,5.2,13.3,0,0,60,18.5,6969.4,7,'해로움 (민감 그룹)','2024-04-01 08:07:48','2024-04-01 08:07:48','2024-04-04 00:00:00'),(540,223557,1,9.2,15.1,8.9,20.6,0,0,56,3.7,7347.5,7,'해로움 (민감 그룹)','2024-04-01 08:07:48','2024-04-01 08:07:48','2024-04-05 00:00:00'),(541,223569,1,3.5,12.4,1.4,14.6,0,0,34,13,7173,7,'해로움 (민감 그룹)','2024-04-01 08:07:49','2024-04-01 08:07:49','2024-04-01 00:00:00'),(542,223569,18,6.7,19.2,6,18.1,2,0,31,9.3,387.5,2,'좋음','2024-04-01 08:07:49','2024-04-01 08:07:49','2024-04-02 00:00:00'),(543,223569,8,1.6,10.4,2,10.1,0,0,90,9.3,374.8,2,'좋음','2024-04-01 08:07:49','2024-04-01 08:07:49','2024-04-03 00:00:00'),(544,223569,3,0.6,9.8,0.4,16,0,0,60,7.4,6975.3,7,'해로움 (민감 그룹)','2024-04-01 08:07:49','2024-04-01 08:07:49','2024-04-04 00:00:00'),(545,223569,1,3.3,12.4,3.9,14.1,0,0,57,11.1,7370.7,7,'해로움 (민감 그룹)','2024-04-01 08:07:49','2024-04-01 08:07:49','2024-04-05 00:00:00'),(546,223556,2,6.4,15.2,4,18.6,0,0,39,11.1,7015.9,7,'해로움 (민감 그룹)','2024-04-01 08:07:49','2024-04-01 08:07:49','2024-04-01 00:00:00'),(547,223556,18,7.4,14.3,4.3,16.8,1.5,0,66,11.1,1402.9,3,'보통','2024-04-01 08:07:49','2024-04-01 08:07:49','2024-04-02 00:00:00'),(548,223556,7,5.8,10.3,4.7,15,0,0,80,7.4,1759.8,4,'보통','2024-04-01 08:07:49','2024-04-01 08:07:49','2024-04-03 00:00:00'),(549,223556,4,5.2,12.6,5.5,14.2,0,0,54,14.8,5780.6,6,'해로움 (민감 그룹)','2024-04-01 08:07:49','2024-04-01 08:07:49','2024-04-04 00:00:00'),(550,223556,1,9.2,14.7,8.9,20.3,0,0,55,5.6,7302.5,7,'해로움 (민감 그룹)','2024-04-01 08:07:49','2024-04-01 08:07:49','2024-04-05 00:00:00'),(551,223555,1,7.3,16.7,6.4,20,0,0,43,9.3,7153.7,7,'해로움 (민감 그룹)','2024-04-01 08:07:49','2024-04-01 08:07:49','2024-04-01 00:00:00'),(552,223555,8,8.7,14.9,5,14.7,0,0,58,11.1,543,2,'좋음','2024-04-01 08:07:49','2024-04-01 08:07:49','2024-04-02 00:00:00'),(553,223555,12,6.9,9.8,5.8,11.1,0.6,0,89,9.3,887.3,2,'좋음','2024-04-01 08:07:49','2024-04-01 08:07:49','2024-04-03 00:00:00'),(554,223555,3,5.7,12.2,5.5,12.9,0,0,60,18.5,6980,7,'해로움 (민감 그룹)','2024-04-01 08:07:50','2024-04-01 08:07:50','2024-04-04 00:00:00'),(555,223555,1,9.3,14.7,8.9,20.2,0,0,55,3.7,7351.1,7,'해로움 (민감 그룹)','2024-04-01 08:07:50','2024-04-01 08:07:50','2024-04-05 00:00:00'),(556,223564,6,2.6,18.2,7.3,20.8,0,0,31,9.3,7078.7,7,'해로움 (민감 그룹)','2024-04-01 08:07:50','2024-04-01 08:07:50','2024-04-01 00:00:00'),(557,223564,14,10.4,24.4,11,27.3,0.6,0,31,5.6,4173.4,5,'보통','2024-04-01 08:07:50','2024-04-01 08:07:50','2024-04-02 00:00:00'),(558,223564,4,5.1,18.9,7.5,21.8,0,0,61,3.7,585.1,3,'보통','2024-04-01 08:07:50','2024-04-01 08:07:50','2024-04-03 00:00:00'),(559,223564,3,4.9,17.8,6.4,22.8,0,0,48,3.7,6742.8,7,'해로움 (민감 그룹)','2024-04-01 08:07:50','2024-04-01 08:07:50','2024-04-04 00:00:00'),(560,223564,1,4.5,18.2,6.8,20.1,0,0,47,7.4,7342.5,7,'해로움 (민감 그룹)','2024-04-01 08:07:50','2024-04-01 08:07:50','2024-04-05 00:00:00'),(561,223561,1,5.1,19,6.2,19.9,0,0,32,9.3,7124.5,7,'해로움 (민감 그룹)','2024-04-01 08:07:50','2024-04-01 08:07:50','2024-04-01 00:00:00'),(562,223561,12,11.9,24.5,12.1,24.4,0.5,0,32,5.6,1673.3,2,'좋음','2024-04-01 08:07:50','2024-04-01 08:07:50','2024-04-02 00:00:00'),(563,223561,6,5,17.3,7,21.5,0,0,71,5.6,875.1,3,'보통','2024-04-01 08:07:50','2024-04-01 08:07:50','2024-04-03 00:00:00'),(564,223561,3,4.9,17.7,6.7,23.6,0,0,56,3.7,6998.6,7,'해로움 (민감 그룹)','2024-04-01 08:07:50','2024-04-01 08:07:50','2024-04-04 00:00:00'),(565,223561,1,5.2,17.6,8,20.9,0,0,54,5.6,7348.8,7,'해로움 (민감 그룹)','2024-04-01 08:07:50','2024-04-01 08:07:50','2024-04-05 00:00:00'),(566,223572,6,-0.8,19.7,-0.4,23.7,0,0,34,9.3,7136.6,7,'해로움 (민감 그룹)','2024-04-01 08:07:51','2024-04-01 08:07:51','2024-04-01 00:00:00'),(567,223572,12,10.6,23.3,10.3,22.8,0.7,0,34,5.6,1498.5,2,'좋음','2024-04-01 08:07:51','2024-04-01 08:07:51','2024-04-02 00:00:00'),(568,223572,7,4.2,15.1,4.9,15.2,0,0,81,11.1,421.2,2,'좋음','2024-04-01 08:07:51','2024-04-01 08:07:51','2024-04-03 00:00:00'),(569,223572,3,2.2,14.7,4.2,20.8,0,0,57,3.7,7205.6,7,'해로움 (민감 그룹)','2024-04-01 08:07:51','2024-04-01 08:07:51','2024-04-04 00:00:00'),(570,223572,1,3.7,17.3,6.2,19,0,0,55,7.4,7370,7,'해로움 (민감 그룹)','2024-04-01 08:07:51','2024-04-01 08:07:51','2024-04-05 00:00:00'),(571,223567,2,1.2,14.6,-0.2,15.5,0,0,30,14.8,7126.9,7,'해로움 (민감 그룹)','2024-04-01 08:07:51','2024-04-01 08:07:51','2024-04-01 00:00:00'),(572,223567,18,9.7,21,9.3,20.8,2.2,0,31,7.4,1390.4,2,'좋음','2024-04-01 08:07:51','2024-04-01 08:07:51','2024-04-02 00:00:00'),(573,223567,8,2.2,12.6,3,12,0,0,75,11.1,397.6,2,'좋음','2024-04-01 08:07:51','2024-04-01 08:07:51','2024-04-03 00:00:00'),(574,223567,3,0.6,11,1.4,16.7,0,0,57,5.6,6959.9,7,'해로움 (민감 그룹)','2024-04-01 08:07:51','2024-04-01 08:07:51','2024-04-04 00:00:00'),(575,223567,1,3.3,13.5,4.2,16.7,0,0,54,11.1,7337.9,7,'해로움 (민감 그룹)','2024-04-01 08:07:51','2024-04-01 08:07:51','2024-04-05 00:00:00'),(576,223576,6,-0.5,16.4,-0.1,19.4,0,0,32,11.1,7078.3,7,'해로움 (민감 그룹)','2024-04-01 08:07:52','2024-04-01 08:07:52','2024-04-01 00:00:00'),(577,223576,18,9.6,21.9,8.5,21.8,1,0,31,5.6,1214.9,2,'좋음','2024-04-01 08:07:52','2024-04-01 08:07:52','2024-04-02 00:00:00'),(578,223576,8,3.8,13.6,4.5,12.3,0,0,79,13,363.2,2,'좋음','2024-04-01 08:07:52','2024-04-01 08:07:52','2024-04-03 00:00:00'),(579,223576,2,1.4,12.7,3,19.2,0,0,57,5.6,7226,7,'해로움 (민감 그룹)','2024-04-01 08:07:52','2024-04-01 08:07:52','2024-04-04 00:00:00'),(580,223576,1,3.4,15.3,5.4,17.5,0,0,56,7.4,7356.2,7,'해로움 (민감 그룹)','2024-04-01 08:07:52','2024-04-01 08:07:52','2024-04-05 00:00:00'),(581,223560,2,1,17.1,0.6,18.4,0,0,32,13,7080.4,7,'해로움 (민감 그룹)','2024-04-01 08:07:52','2024-04-01 08:07:52','2024-04-01 00:00:00'),(582,223560,3,8.6,22.8,6.4,24.2,0,0,32,7.4,6603.4,7,'해로움 (민감 그룹)','2024-04-01 08:07:52','2024-04-01 08:07:52','2024-04-02 00:00:00'),(583,223560,4,4.9,20.7,5.3,22.9,0,0,46,7.4,485.7,3,'보통','2024-04-01 08:07:52','2024-04-01 08:07:52','2024-04-03 00:00:00'),(584,223560,4,3.3,18,5,22.8,0,0,40,5.6,6227.9,7,'해로움 (민감 그룹)','2024-04-01 08:07:52','2024-04-01 08:07:52','2024-04-04 00:00:00'),(585,223560,3,4.8,18.6,6.6,22,0,0,37,7.4,6454.7,7,'해로움 (민감 그룹)','2024-04-01 08:07:52','2024-04-01 08:07:52','2024-04-05 00:00:00'),(586,223565,2,4.1,17.5,3.5,19.8,0,0,29,11.1,7089.7,7,'해로움 (민감 그룹)','2024-04-01 08:07:53','2024-04-01 08:07:53','2024-04-01 00:00:00'),(587,223565,4,10.4,23.3,11.9,24.7,0,0,32,7.4,5456.5,7,'해로움 (민감 그룹)','2024-04-01 08:07:53','2024-04-01 08:07:53','2024-04-02 00:00:00'),(588,223565,4,4.7,20.2,7,22.1,0,0,48,5.6,685.3,3,'보통','2024-04-01 08:07:53','2024-04-01 08:07:53','2024-04-03 00:00:00'),(589,223565,3,5.4,17.7,8.7,22.8,0,0,38,3.7,6885.8,7,'해로움 (민감 그룹)','2024-04-01 08:07:53','2024-04-01 08:07:53','2024-04-04 00:00:00'),(590,223565,2,5.6,18.4,8.5,22.4,0,0,38,5.6,7248.6,7,'해로움 (민감 그룹)','2024-04-01 08:07:53','2024-04-01 08:07:53','2024-04-05 00:00:00'),(591,223595,2,2.9,17.2,3.2,19.2,0,0,30,13,7084.7,7,'해로움 (민감 그룹)','2024-04-01 08:07:53','2024-04-01 08:07:53','2024-04-01 00:00:00'),(592,223595,14,7,22.7,6.3,24.3,1.4,0,32,7.4,4862.2,6,'해로움 (민감 그룹)','2024-04-01 08:07:53','2024-04-01 08:07:53','2024-04-02 00:00:00'),(593,223595,4,4,18.2,5.7,20.5,0,0,55,9.3,568.6,3,'보통','2024-04-01 08:07:53','2024-04-01 08:07:53','2024-04-03 00:00:00'),(594,223595,4,2.3,16.3,4.9,21.2,0,0,39,3.7,5689.7,6,'해로움 (민감 그룹)','2024-04-01 08:07:53','2024-04-01 08:07:53','2024-04-04 00:00:00'),(595,223595,2,4.7,18.2,7,21.4,0,0,40,7.4,6994.4,7,'해로움 (민감 그룹)','2024-04-01 08:07:53','2024-04-01 08:07:53','2024-04-05 00:00:00'),(596,223593,2,3.9,15.7,3.4,18,0,0,29,13,7057,7,'해로움 (민감 그룹)','2024-04-01 08:07:53','2024-04-01 08:07:53','2024-04-01 00:00:00'),(597,223593,14,7.9,21.7,7.4,24.6,1,0,32,7.4,4698.9,5,'보통','2024-04-01 08:07:53','2024-04-01 08:07:53','2024-04-02 00:00:00'),(598,223593,6,3.8,15.5,4.9,17.5,0,0,62,9.3,685.2,3,'보통','2024-04-01 08:07:53','2024-04-01 08:07:53','2024-04-03 00:00:00'),(599,223593,4,3.1,13.9,5.6,19.1,0,0,43,5.6,6111.4,7,'해로움 (민감 그룹)','2024-04-01 08:07:54','2024-04-01 08:07:54','2024-04-04 00:00:00'),(600,223593,2,5.5,17,7.4,20.4,0,0,43,7.4,6924.7,7,'해로움 (민감 그룹)','2024-04-01 08:07:54','2024-04-01 08:07:54','2024-04-05 00:00:00'),(601,2330392,2,5.3,14.7,4.4,18.5,0,0,44,11.1,7029.3,6,'해로움 (민감 그룹)','2024-04-01 08:07:54','2024-04-01 08:07:54','2024-04-01 00:00:00'),(602,2330392,12,6.3,12.8,4.2,12.8,2.1,0,70,14.8,2278.9,2,'좋음','2024-04-01 08:07:54','2024-04-01 08:07:54','2024-04-02 00:00:00'),(603,2330392,6,5.5,9.9,4.6,15.9,0,0,76,5.6,4908.6,7,'해로움 (민감 그룹)','2024-04-01 08:07:54','2024-04-01 08:07:54','2024-04-03 00:00:00'),(604,2330392,4,4.9,12.3,5,13.2,0,0,54,16.7,6087.5,7,'해로움 (민감 그룹)','2024-04-01 08:07:54','2024-04-01 08:07:54','2024-04-04 00:00:00'),(605,2330392,1,8.9,14,8.3,20,0,0,56,5.6,7285.5,7,'해로움 (민감 그룹)','2024-04-01 08:07:54','2024-04-01 08:07:54','2024-04-05 00:00:00'),(606,223571,2,6.3,15,3.8,18.6,0,0,39,13,6808.5,7,'해로움 (민감 그룹)','2024-04-01 08:07:54','2024-04-01 08:07:54','2024-04-01 00:00:00'),(607,223571,12,7.7,15.2,5,16.7,2,0,65,11.1,902.3,2,'좋음','2024-04-01 08:07:55','2024-04-01 08:07:55','2024-04-02 00:00:00'),(608,223571,7,5.6,10.7,5.8,13,0,0,81,7.4,734.4,2,'좋음','2024-04-01 08:07:55','2024-04-01 08:07:55','2024-04-03 00:00:00'),(609,223571,4,4.5,12.8,4.6,15.9,0,0,55,11.1,6067.4,7,'해로움 (민감 그룹)','2024-04-01 08:07:55','2024-04-01 08:07:55','2024-04-04 00:00:00'),(610,223571,1,9.3,15.1,8.4,21,0,0,55,5.6,7312.7,7,'해로움 (민감 그룹)','2024-04-01 08:07:55','2024-04-01 08:07:55','2024-04-05 00:00:00'),(611,223115,1,2.5,19.4,2.9,21,0,0,40,9.3,7213.1,7,'해로움 (민감 그룹)','2024-04-01 08:07:55','2024-04-01 08:07:55','2024-04-01 00:00:00'),(612,223115,12,12.1,24.8,11.4,24,1,0,38,7.4,549.3,2,'좋음','2024-04-01 08:07:55','2024-04-01 08:07:55','2024-04-02 00:00:00'),(613,223115,4,7.1,16.1,5.3,18.5,0,0,81,9.3,412.1,3,'보통','2024-04-01 08:07:55','2024-04-01 08:07:55','2024-04-03 00:00:00'),(614,223115,2,4.6,17.5,6.1,21.8,0,0,66,5.6,7281.4,7,'해로움 (민감 그룹)','2024-04-01 08:07:55','2024-04-01 08:07:55','2024-04-04 00:00:00'),(615,223115,1,3.7,18.1,5.7,21.9,0,0,61,5.6,7406.1,7,'해로움 (민감 그룹)','2024-04-01 08:07:55','2024-04-01 08:07:55','2024-04-05 00:00:00'),(616,223117,1,3.4,19,3.6,21.7,0,0,35,9.3,7188.5,7,'해로움 (민감 그룹)','2024-04-01 08:07:56','2024-04-01 08:07:56','2024-04-01 00:00:00'),(617,223117,12,12.3,24,11.7,24.3,0.5,0,36,7.4,2349.9,2,'좋음','2024-04-01 08:07:56','2024-04-01 08:07:56','2024-04-02 00:00:00'),(618,223117,7,5.8,16.6,4.5,18.5,0,0,82,9.3,921.1,3,'보통','2024-04-01 08:07:56','2024-04-01 08:07:56','2024-04-03 00:00:00'),(619,223117,3,3.9,17.2,6.5,21.4,0,0,66,7.4,7178.5,7,'해로움 (민감 그룹)','2024-04-01 08:07:56','2024-04-01 08:07:56','2024-04-04 00:00:00'),(620,223117,1,4.1,18.3,6.4,21.3,0,0,55,5.6,7384.4,7,'해로움 (민감 그룹)','2024-04-01 08:07:56','2024-04-01 08:07:56','2024-04-05 00:00:00'),(621,223116,6,0.6,17.8,0.8,19.7,0,0,34,11.1,7087,7,'해로움 (민감 그룹)','2024-04-01 08:07:56','2024-04-01 08:07:56','2024-04-01 00:00:00'),(622,223116,12,11,23.1,9.4,22.8,1,0,34,7.4,1197.8,2,'좋음','2024-04-01 08:07:56','2024-04-01 08:07:56','2024-04-02 00:00:00'),(623,223116,7,4.5,15.2,4.9,17.7,0,0,80,9.3,460.7,3,'보통','2024-04-01 08:07:56','2024-04-01 08:07:56','2024-04-03 00:00:00'),(624,223116,3,2.5,14.6,4.9,19.5,0,0,60,5.6,7207.7,7,'해로움 (민감 그룹)','2024-04-01 08:07:56','2024-04-01 08:07:56','2024-04-04 00:00:00'),(625,223116,1,3.6,17.2,6.4,19,0,0,56,7.4,7371.5,7,'해로움 (민감 그룹)','2024-04-01 08:07:56','2024-04-01 08:07:56','2024-04-05 00:00:00'),(626,223122,1,1.9,19.5,1.8,21.6,0,0,35,9.3,7227,7,'해로움 (민감 그룹)','2024-04-01 08:07:57','2024-04-01 08:07:57','2024-04-01 00:00:00'),(627,223122,12,11.4,24,9.4,23.1,0.5,0,33,7.4,363.9,2,'좋음','2024-04-01 08:07:57','2024-04-01 08:07:57','2024-04-02 00:00:00'),(628,223122,6,7.2,15.6,2.8,16.1,0,0,80,16.7,366.4,3,'보통','2024-04-01 08:07:57','2024-04-01 08:07:57','2024-04-03 00:00:00'),(629,223122,3,5.1,16.5,7,20.5,0,0,66,11.1,7188.7,7,'해로움 (민감 그룹)','2024-04-01 08:07:57','2024-04-01 08:07:57','2024-04-04 00:00:00'),(630,223122,1,3.6,17.9,5.5,20.9,0,0,59,7.4,7417,7,'해로움 (민감 그룹)','2024-04-01 08:07:57','2024-04-01 08:07:57','2024-04-05 00:00:00'),(631,223132,1,1.3,21,1.5,22.3,0,0,34,9.3,7240.8,7,'해로움 (민감 그룹)','2024-04-01 08:07:57','2024-04-01 08:07:57','2024-04-01 00:00:00'),(632,223132,8,11.8,25.7,10.2,25.6,0,0,37,7.4,364.5,2,'좋음','2024-04-01 08:07:57','2024-04-01 08:07:57','2024-04-02 00:00:00'),(633,223132,6,7.1,15.7,3.6,15.7,0,0,81,16.7,367,3,'보통','2024-04-01 08:07:57','2024-04-01 08:07:57','2024-04-03 00:00:00'),(634,223132,2,5.6,17.3,7.6,22.3,0,0,67,9.3,7305.5,7,'해로움 (민감 그룹)','2024-04-01 08:07:57','2024-04-01 08:07:57','2024-04-04 00:00:00'),(635,223132,1,3.5,18.9,5.9,22.6,0,0,59,5.6,7429.6,7,'해로움 (민감 그룹)','2024-04-01 08:07:57','2024-04-01 08:07:57','2024-04-05 00:00:00'),(636,223120,1,3.6,21.1,3,21.9,0,0,35,9.3,7250.7,7,'해로움 (민감 그룹)','2024-04-01 08:07:57','2024-04-01 08:07:57','2024-04-01 00:00:00'),(637,223120,8,12.4,25.9,10.6,25.8,0,0,34,7.4,449.2,2,'좋음','2024-04-01 08:07:58','2024-04-01 08:07:58','2024-04-02 00:00:00'),(638,223120,6,8.3,16,5.5,16.4,0,0,83,14.8,367.5,3,'보통','2024-04-01 08:07:58','2024-04-01 08:07:58','2024-04-03 00:00:00'),(639,223120,3,5.5,17.6,7.6,22.7,0,0,66,7.4,7136.7,7,'해로움 (민감 그룹)','2024-04-01 08:07:58','2024-04-01 08:07:58','2024-04-04 00:00:00'),(640,223120,1,5.1,19.1,7.3,22.3,0,0,58,5.6,7438.7,7,'해로움 (민감 그룹)','2024-04-01 08:07:58','2024-04-01 08:07:58','2024-04-05 00:00:00'),(641,2330373,1,2.1,19.3,2.3,21.2,0,0,39,9.3,7198.6,7,'해로움 (민감 그룹)','2024-04-01 08:07:58','2024-04-01 08:07:58','2024-04-01 00:00:00'),(642,2330373,12,11.9,24.6,11.3,23.8,0.5,0,38,7.4,697.1,2,'좋음','2024-04-01 08:07:58','2024-04-01 08:07:58','2024-04-02 00:00:00'),(643,2330373,6,6.2,16.1,5,18.4,0,0,82,9.3,439.3,3,'보통','2024-04-01 08:07:58','2024-04-01 08:07:58','2024-04-03 00:00:00'),(644,2330373,2,4.1,17.9,5.7,22,0,0,66,5.6,7283.5,7,'해로움 (민감 그룹)','2024-04-01 08:07:58','2024-04-01 08:07:58','2024-04-04 00:00:00'),(645,2330373,1,4,18.4,6.2,21.5,0,0,62,5.6,7396.1,7,'해로움 (민감 그룹)','2024-04-01 08:07:58','2024-04-01 08:07:58','2024-04-05 00:00:00'),(646,223118,1,1.4,19,1.6,21.1,0,0,38,9.3,7193.7,7,'해로움 (민감 그룹)','2024-04-01 08:07:58','2024-04-01 08:07:58','2024-04-01 00:00:00'),(647,223118,8,11.6,24.3,11.4,23.6,0,0,39,7.4,997.9,2,'좋음','2024-04-01 08:07:58','2024-04-01 08:07:58','2024-04-02 00:00:00'),(648,223118,6,6.1,16.1,4.9,19,0,0,83,7.4,454.1,3,'보통','2024-04-01 08:07:59','2024-04-01 08:07:59','2024-04-03 00:00:00'),(649,223118,2,4.2,17.8,6,21.8,0,0,67,7.4,7289.1,7,'해로움 (민감 그룹)','2024-04-01 08:07:59','2024-04-01 08:07:59','2024-04-04 00:00:00'),(650,223118,1,4.5,18.1,6.1,21.8,0,0,61,5.6,7391.6,7,'해로움 (민감 그룹)','2024-04-01 08:07:59','2024-04-01 08:07:59','2024-04-05 00:00:00'),(651,223129,1,0.7,18.9,0.5,21,0,0,35,9.3,7201.8,7,'해로움 (민감 그룹)','2024-04-01 08:07:59','2024-04-01 08:07:59','2024-04-01 00:00:00'),(652,223129,12,12.3,24.2,10.5,23,1.1,0,35,7.4,858.1,2,'좋음','2024-04-01 08:07:59','2024-04-01 08:07:59','2024-04-02 00:00:00'),(653,223129,7,5.9,16.3,3.2,16.6,0,0,83,13,575.3,2,'좋음','2024-04-01 08:07:59','2024-04-01 08:07:59','2024-04-03 00:00:00'),(654,223129,2,3.7,17.1,5.5,21.2,0,0,65,9.3,7301.4,7,'해로움 (민감 그룹)','2024-04-01 08:07:59','2024-04-01 08:07:59','2024-04-04 00:00:00'),(655,223129,1,3.3,18.1,5.7,21.4,0,0,58,5.6,7394.5,7,'해로움 (민감 그룹)','2024-04-01 08:07:59','2024-04-01 08:07:59','2024-04-05 00:00:00'),(656,223119,1,0.6,19.1,1.2,21.3,0,0,34,9.3,7190,7,'해로움 (민감 그룹)','2024-04-01 08:07:59','2024-04-01 08:07:59','2024-04-01 00:00:00'),(657,223119,12,11.6,24.4,11.1,23.7,1.1,0,37,7.4,696.2,2,'좋음','2024-04-01 08:07:59','2024-04-01 08:07:59','2024-04-02 00:00:00'),(658,223119,7,5.5,16.2,3.6,17.2,0,0,81,9.3,670.8,3,'보통','2024-04-01 08:07:59','2024-04-01 08:07:59','2024-04-03 00:00:00'),(659,223119,2,4.1,17.3,5.6,21.1,0,0,66,7.4,7284.4,7,'해로움 (민감 그룹)','2024-04-01 08:07:59','2024-04-01 08:07:59','2024-04-04 00:00:00'),(660,223119,1,3.4,18.1,5.5,21,0,0,58,5.6,7387.4,7,'해로움 (민감 그룹)','2024-04-01 08:07:59','2024-04-01 08:07:59','2024-04-05 00:00:00'),(661,223137,1,0.9,18.2,-0.3,20.5,0,0,34,9.3,7184.8,7,'해로움 (민감 그룹)','2024-04-01 08:08:00','2024-04-01 08:08:00','2024-04-01 00:00:00'),(662,223137,12,11.5,23.5,11.7,23.6,0.6,0,33,7.4,1333.3,2,'좋음','2024-04-01 08:08:00','2024-04-01 08:08:00','2024-04-02 00:00:00'),(663,223137,8,5.4,16.2,6.1,18.4,0,0,85,7.4,498.7,2,'좋음','2024-04-01 08:08:00','2024-04-01 08:08:00','2024-04-03 00:00:00'),(664,223137,2,3.2,15.7,5.4,20,0,0,65,5.6,7250.5,7,'해로움 (민감 그룹)','2024-04-01 08:08:00','2024-04-01 08:08:00','2024-04-04 00:00:00'),(665,223137,1,4.3,17.6,7.2,19.8,0,0,56,7.4,7383.4,7,'해로움 (민감 그룹)','2024-04-01 08:08:00','2024-04-01 08:08:00','2024-04-05 00:00:00'),(666,223148,1,1.7,20.3,0.2,22.1,0,0,35,9.3,7198.9,7,'해로움 (민감 그룹)','2024-04-01 08:08:00','2024-04-01 08:08:00','2024-04-01 00:00:00'),(667,223148,8,11.8,24.9,10.9,24,0,0,39,9.3,1205.2,2,'좋음','2024-04-01 08:08:00','2024-04-01 08:08:00','2024-04-02 00:00:00'),(668,223148,6,6.4,16.6,2.2,18.7,0,0,85,9.3,431.2,3,'보통','2024-04-01 08:08:01','2024-04-01 08:08:01','2024-04-03 00:00:00'),(669,223148,3,5.2,18.9,7.1,22.8,0,0,67,7.4,7020.6,7,'해로움 (민감 그룹)','2024-04-01 08:08:01','2024-04-01 08:08:01','2024-04-04 00:00:00'),(670,223148,2,4.9,18.8,6.3,22.5,0,0,58,5.6,7392,7,'해로움 (민감 그룹)','2024-04-01 08:08:01','2024-04-01 08:08:01','2024-04-05 00:00:00'),(671,223143,1,1.9,21.4,2.2,22.8,0,0,37,9.3,7227.2,7,'해로움 (민감 그룹)','2024-04-01 08:08:01','2024-04-01 08:08:01','2024-04-01 00:00:00'),(672,223143,8,12.7,25.7,12.6,25.7,0,0,39,7.4,1207.5,2,'좋음','2024-04-01 08:08:01','2024-04-01 08:08:01','2024-04-02 00:00:00'),(673,223143,4,7.5,16.9,5.5,18.4,0,0,82,11.1,366.4,3,'보통','2024-04-01 08:08:01','2024-04-01 08:08:01','2024-04-03 00:00:00'),(674,223143,3,6.5,18.7,7.7,23.4,0,0,67,5.6,7082,7,'해로움 (민감 그룹)','2024-04-01 08:08:01','2024-04-01 08:08:01','2024-04-04 00:00:00'),(675,223143,1,5,18.8,6.8,23.3,0,0,57,3.7,7416.7,7,'해로움 (민감 그룹)','2024-04-01 08:08:01','2024-04-01 08:08:01','2024-04-05 00:00:00'),(676,2330375,6,7.6,18.6,6.1,22.5,0,0,40,7.4,7138.1,7,'해로움 (민감 그룹)','2024-04-01 08:08:01','2024-04-01 08:08:01','2024-04-01 00:00:00'),(677,2330375,8,12.3,21.8,11,21.8,0,0,44,11.1,569.7,2,'좋음','2024-04-01 08:08:02','2024-04-01 08:08:02','2024-04-02 00:00:00'),(678,2330375,4,8.4,15.9,6.8,19.2,0,0,81,5.6,366.9,3,'보통','2024-04-01 08:08:02','2024-04-01 08:08:02','2024-04-03 00:00:00'),(679,2330375,4,7.3,17.3,9.5,22.9,0,0,73,7.4,5503.2,7,'해로움 (민감 그룹)','2024-04-01 08:08:02','2024-04-01 08:08:02','2024-04-04 00:00:00'),(680,2330375,2,5.7,15.7,5.2,19.7,0,0,58,7.4,7401.4,7,'해로움 (민감 그룹)','2024-04-01 08:08:02','2024-04-01 08:08:02','2024-04-05 00:00:00'),(681,223147,5,2.2,19.1,0.7,22.2,0,0,35,9.3,7210.1,7,'해로움 (민감 그룹)','2024-04-01 08:08:03','2024-04-01 08:08:03','2024-04-01 00:00:00'),(682,223147,8,11.9,24.9,11.2,23.8,0,0,40,9.3,363,2,'좋음','2024-04-01 08:08:03','2024-04-01 08:08:03','2024-04-02 00:00:00'),(683,223147,6,6.3,16.6,1.8,18.5,0,0,86,9.3,390.3,3,'보통','2024-04-01 08:08:03','2024-04-01 08:08:03','2024-04-03 00:00:00'),(684,223147,3,5.4,18.7,7.4,22.9,0,0,68,7.4,6965,7,'해로움 (민감 그룹)','2024-04-01 08:08:03','2024-04-01 08:08:03','2024-04-04 00:00:00'),(685,223147,2,4.9,18.4,6.6,22.4,0,0,57,5.6,7393.9,7,'해로움 (민감 그룹)','2024-04-01 08:08:03','2024-04-01 08:08:03','2024-04-05 00:00:00'),(686,223146,6,5.1,17.8,3.6,22.9,0,0,39,9.3,7075.6,7,'해로움 (민감 그룹)','2024-04-01 08:08:03','2024-04-01 08:08:03','2024-04-01 00:00:00'),(687,223146,6,11.5,20.3,10.4,21.8,0,0,48,9.3,364.5,3,'보통','2024-04-01 08:08:03','2024-04-01 08:08:03','2024-04-02 00:00:00'),(688,223146,6,6.8,15.7,4.5,18.6,0,0,81,5.6,446.3,3,'보통','2024-04-01 08:08:03','2024-04-01 08:08:03','2024-04-03 00:00:00'),(689,223146,3,6.8,18,9.2,23.4,0,0,65,9.3,6938.4,7,'해로움 (민감 그룹)','2024-04-01 08:08:03','2024-04-01 08:08:03','2024-04-04 00:00:00'),(690,223146,2,4.6,15.6,4.7,20.7,0,0,56,5.6,7384.7,7,'해로움 (민감 그룹)','2024-04-01 08:08:03','2024-04-01 08:08:03','2024-04-05 00:00:00'),(691,223145,1,4.1,21.8,3.4,22.8,0,0,34,9.3,7252.5,7,'해로움 (민감 그룹)','2024-04-01 08:08:03','2024-04-01 08:08:03','2024-04-01 00:00:00'),(692,223145,8,13.1,27.8,12.4,27.4,0,0,34,9.3,674.3,2,'좋음','2024-04-01 08:08:03','2024-04-01 08:08:03','2024-04-02 00:00:00'),(693,223145,4,7.9,17.1,8.2,20.3,0,0,79,9.3,367.6,3,'보통','2024-04-01 08:08:03','2024-04-01 08:08:03','2024-04-03 00:00:00'),(694,223145,6,6.4,19.8,7.8,25.1,0,0,68,3.7,6166.3,7,'해로움 (민감 그룹)','2024-04-01 08:08:03','2024-04-01 08:08:03','2024-04-04 00:00:00'),(695,223145,1,4.8,18.3,6.3,23.1,0,0,57,3.7,7439.4,7,'해로움 (민감 그룹)','2024-04-01 08:08:04','2024-04-01 08:08:04','2024-04-05 00:00:00'),(696,2330378,1,2.2,21,2,21,0,0,35,9.3,7239.9,7,'해로움 (민감 그룹)','2024-04-01 08:08:04','2024-04-01 08:08:04','2024-04-01 00:00:00'),(697,2330378,12,12.5,25.8,11.9,24.6,0.5,0,37,7.4,549.5,2,'좋음','2024-04-01 08:08:04','2024-04-01 08:08:04','2024-04-02 00:00:00'),(698,2330378,4,7.5,16.3,4.6,17.8,0,0,79,13,367,3,'보통','2024-04-01 08:08:04','2024-04-01 08:08:04','2024-04-03 00:00:00'),(699,2330378,6,5.8,18.1,7.6,23.2,0,0,68,7.4,5833.8,7,'해로움 (민감 그룹)','2024-04-01 08:08:04','2024-04-01 08:08:04','2024-04-04 00:00:00'),(700,2330378,1,4.3,18.2,6.4,23,0,0,58,3.7,7428.4,7,'해로움 (민감 그룹)','2024-04-01 08:08:04','2024-04-01 08:08:04','2024-04-05 00:00:00'),(701,223184,1,2.5,18.8,0.7,21.8,0,0,34,11.1,7192.3,7,'해로움 (민감 그룹)','2024-04-01 08:08:04','2024-04-01 08:08:04','2024-04-01 00:00:00'),(702,223184,8,11.8,24.5,10.9,24.3,0,0,40,9.3,363,2,'좋음','2024-04-01 08:08:04','2024-04-01 08:08:04','2024-04-02 00:00:00'),(703,223184,6,6.6,16.4,4.6,18.8,0,0,86,5.6,374.5,3,'보통','2024-04-01 08:08:04','2024-04-01 08:08:04','2024-04-03 00:00:00'),(704,223184,3,6,19.4,7.9,23,0,0,67,5.6,7181.2,7,'해로움 (민감 그룹)','2024-04-01 08:08:04','2024-04-01 08:08:04','2024-04-04 00:00:00'),(705,223184,2,4.9,17.9,6,22.8,0,0,57,5.6,7389.3,7,'해로움 (민감 그룹)','2024-04-01 08:08:05','2024-04-01 08:08:05','2024-04-05 00:00:00'),(706,223152,1,3.8,20.5,3.1,22.2,0,0,34,9.3,7254.7,7,'해로움 (민감 그룹)','2024-04-01 08:08:05','2024-04-01 08:08:05','2024-04-01 00:00:00'),(707,223152,8,11.3,26,10.2,26,0,0,34,7.4,605.7,2,'좋음','2024-04-01 08:08:05','2024-04-01 08:08:05','2024-04-02 00:00:00'),(708,223152,4,7.1,15.2,6.6,16.4,0,0,84,11.1,367.7,3,'보통','2024-04-01 08:08:06','2024-04-01 08:08:06','2024-04-03 00:00:00'),(709,223152,3,4.7,17.5,6.7,23.7,0,0,71,3.7,7147.3,7,'해로움 (민감 그룹)','2024-04-01 08:08:06','2024-04-01 08:08:06','2024-04-04 00:00:00'),(710,223152,1,4.1,18.5,6.3,22.8,0,0,60,3.7,7442.5,7,'해로움 (민감 그룹)','2024-04-01 08:08:06','2024-04-01 08:08:06','2024-04-05 00:00:00'),(711,223154,1,3.9,21.9,4.1,23.2,0,0,36,9.3,7242.6,7,'해로움 (민감 그룹)','2024-04-01 08:08:06','2024-04-01 08:08:06','2024-04-01 00:00:00'),(712,223154,8,13,27,12.5,26.8,0,0,37,7.4,1210.1,2,'좋음','2024-04-01 08:08:06','2024-04-01 08:08:06','2024-04-02 00:00:00'),(713,223154,4,8,17.4,7.1,19.7,0,0,80,11.1,367.1,3,'보통','2024-04-01 08:08:06','2024-04-01 08:08:06','2024-04-03 00:00:00'),(714,223154,4,6.4,19.7,8.5,24,0,0,68,5.6,4793.6,7,'해로움 (민감 그룹)','2024-04-01 08:08:06','2024-04-01 08:08:06','2024-04-04 00:00:00'),(715,223154,1,5.4,18.3,6.6,23.6,0,0,53,1.9,7427.7,7,'해로움 (민감 그룹)','2024-04-01 08:08:06','2024-04-01 08:08:06','2024-04-05 00:00:00'),(716,223156,3,5.8,18.6,3.2,23.5,0,0,47,11.1,7226.6,7,'해로움 (민감 그룹)','2024-04-01 08:08:06','2024-04-01 08:08:06','2024-04-01 00:00:00'),(717,223156,8,13,24.2,10.8,23.2,0,0,42,11.1,619.8,2,'좋음','2024-04-01 08:08:06','2024-04-01 08:08:06','2024-04-02 00:00:00'),(718,223156,6,9,16.4,8.7,20.4,0,0,79,5.6,368.1,3,'보통','2024-04-01 08:08:07','2024-04-01 08:08:07','2024-04-03 00:00:00'),(719,223156,6,7,17.9,8.3,24.1,0,0,72,7.4,5904.6,7,'해로움 (민감 그룹)','2024-04-01 08:08:07','2024-04-01 08:08:07','2024-04-04 00:00:00'),(720,223156,2,6.4,16.4,5.4,20.9,0,0,61,7.4,7442.7,7,'해로움 (민감 그룹)','2024-04-01 08:08:07','2024-04-01 08:08:07','2024-04-05 00:00:00'),(721,223159,2,2.2,20,1.8,22.8,0,0,35,9.3,7222.3,7,'해로움 (민감 그룹)','2024-04-01 08:08:07','2024-04-01 08:08:07','2024-04-01 00:00:00'),(722,223159,8,12.4,25.7,12,25.5,0,0,38,7.4,1473.5,2,'좋음','2024-04-01 08:08:07','2024-04-01 08:08:07','2024-04-02 00:00:00'),(723,223159,4,7.1,16.6,5.4,19,0,0,81,9.3,366.6,3,'보통','2024-04-01 08:08:07','2024-04-01 08:08:07','2024-04-03 00:00:00'),(724,223159,4,5.6,19,7.8,23.4,0,0,69,7.4,5160.4,7,'해로움 (민감 그룹)','2024-04-01 08:08:08','2024-04-01 08:08:08','2024-04-04 00:00:00'),(725,223159,2,5,17.7,5.2,22.7,0,0,53,3.7,7416,7,'해로움 (민감 그룹)','2024-04-01 08:08:08','2024-04-01 08:08:08','2024-04-05 00:00:00'),(726,223151,6,3.6,19.2,2.5,21.7,0,0,36,9.3,7131.6,7,'해로움 (민감 그룹)','2024-04-01 08:08:08','2024-04-01 08:08:08','2024-04-01 00:00:00'),(727,223151,8,11.4,23.9,10.6,23.4,0,0,42,7.4,363.5,2,'좋음','2024-04-01 08:08:08','2024-04-01 08:08:08','2024-04-02 00:00:00'),(728,223151,4,6.7,16.4,4.5,19.4,0,0,83,7.4,412.3,3,'보통','2024-04-01 08:08:08','2024-04-01 08:08:08','2024-04-03 00:00:00'),(729,223151,4,5.6,19,7.6,22.8,0,0,68,7.4,5998.7,7,'해로움 (민감 그룹)','2024-04-01 08:08:08','2024-04-01 08:08:08','2024-04-04 00:00:00'),(730,223151,2,4.3,16.5,4.8,21.8,0,0,56,5.6,7405.6,7,'해로움 (민감 그룹)','2024-04-01 08:08:08','2024-04-01 08:08:08','2024-04-05 00:00:00'),(731,223158,1,2.5,18.8,0.7,21.8,0,0,34,11.1,7192.3,7,'해로움 (민감 그룹)','2024-04-01 08:08:08','2024-04-01 08:08:08','2024-04-01 00:00:00'),(732,223158,8,11.8,24.5,10.9,24.3,0,0,40,9.3,363,2,'좋음','2024-04-01 08:08:08','2024-04-01 08:08:08','2024-04-02 00:00:00'),(733,223158,6,6.6,16.4,4.6,18.8,0,0,86,5.6,374.5,3,'보통','2024-04-01 08:08:08','2024-04-01 08:08:08','2024-04-03 00:00:00'),(734,223158,3,6,19.4,7.9,23,0,0,67,5.6,7181.2,7,'해로움 (민감 그룹)','2024-04-01 08:08:08','2024-04-01 08:08:08','2024-04-04 00:00:00'),(735,223158,2,4.9,17.9,6,22.8,0,0,57,5.6,7389.3,7,'해로움 (민감 그룹)','2024-04-01 08:08:08','2024-04-01 08:08:08','2024-04-05 00:00:00'),(736,2330380,6,6.7,17.3,4.5,21.3,0,0,43,11.1,7098.6,7,'해로움 (민감 그룹)','2024-04-01 08:08:09','2024-04-01 08:08:09','2024-04-01 00:00:00'),(737,2330380,6,11.7,19.5,9.6,20.6,0,0,48,11.1,364.6,3,'보통','2024-04-01 08:08:09','2024-04-01 08:08:09','2024-04-02 00:00:00'),(738,2330380,4,7.1,15.1,4.6,16.8,0,0,80,9.3,437.6,3,'보통','2024-04-01 08:08:09','2024-04-01 08:08:09','2024-04-03 00:00:00'),(739,2330380,3,6.7,16.9,8.7,22.1,0,0,66,9.3,7170.6,7,'해로움 (민감 그룹)','2024-04-01 08:08:09','2024-04-01 08:08:09','2024-04-04 00:00:00'),(740,2330380,2,4.7,14.5,3.8,19.3,0,0,58,5.6,7377.9,7,'해로움 (민감 그룹)','2024-04-01 08:08:09','2024-04-01 08:08:09','2024-04-05 00:00:00'),(741,223078,1,5.2,23.7,2.2,23.9,0,0,31,9.3,7268.2,7,'해로움 (민감 그룹)','2024-04-01 08:08:09','2024-04-01 08:08:09','2024-04-01 00:00:00'),(742,223078,8,13.3,29.6,13.1,29.4,0,0,30,9.3,404.4,2,'좋음','2024-04-01 08:08:09','2024-04-01 08:08:09','2024-04-02 00:00:00'),(743,223078,7,9.1,17.5,10.1,19.3,0,0,82,3.7,368.7,2,'좋음','2024-04-01 08:08:09','2024-04-01 08:08:09','2024-04-03 00:00:00'),(744,223078,6,7.8,19.4,9.9,24.6,0,0,72,3.7,6468.8,7,'해로움 (민감 그룹)','2024-04-01 08:08:09','2024-04-01 08:08:09','2024-04-04 00:00:00'),(745,223078,1,6.1,18.9,8.1,23,0,0,61,5.6,7458.1,8,'건강에 해로움','2024-04-01 08:08:10','2024-04-01 08:08:10','2024-04-05 00:00:00'),(746,223083,3,5.8,18.6,3.2,23.5,0,0,47,11.1,7226.6,7,'해로움 (민감 그룹)','2024-04-01 08:08:10','2024-04-01 08:08:10','2024-04-01 00:00:00'),(747,223083,8,13,24.2,10.8,23.2,0,0,42,11.1,619.8,2,'좋음','2024-04-01 08:08:10','2024-04-01 08:08:10','2024-04-02 00:00:00'),(748,223083,6,9,16.4,8.7,20.4,0,0,79,5.6,368.1,3,'보통','2024-04-01 08:08:10','2024-04-01 08:08:10','2024-04-03 00:00:00'),(749,223083,6,7,17.9,8.3,24.1,0,0,72,7.4,5904.6,7,'해로움 (민감 그룹)','2024-04-01 08:08:10','2024-04-01 08:08:10','2024-04-04 00:00:00'),(750,223083,2,6.4,16.4,5.4,20.9,0,0,61,7.4,7442.7,7,'해로움 (민감 그룹)','2024-04-01 08:08:10','2024-04-01 08:08:10','2024-04-05 00:00:00'),(751,223082,5,3.9,22.7,1.9,23.8,0,0,34,9.3,7265.6,7,'해로움 (민감 그룹)','2024-04-01 08:08:10','2024-04-01 08:08:10','2024-04-01 00:00:00'),(752,223082,8,13.4,28.9,13.1,28,0,0,35,7.4,414,2,'좋음','2024-04-01 08:08:10','2024-04-01 08:08:10','2024-04-02 00:00:00'),(753,223082,7,8.8,17.1,9.3,19.5,0,0,80,1.9,368.2,2,'좋음','2024-04-01 08:08:10','2024-04-01 08:08:10','2024-04-03 00:00:00'),(754,223082,6,7.4,20,8.7,25.2,0,0,69,5.6,6428.6,7,'해로움 (민감 그룹)','2024-04-01 08:08:11','2024-04-01 08:08:11','2024-04-04 00:00:00'),(755,223082,1,5.5,18,5.9,23.1,0,0,60,3.7,7450.4,7,'해로움 (민감 그룹)','2024-04-01 08:08:11','2024-04-01 08:08:11','2024-04-05 00:00:00'),(756,223080,1,5.7,22.5,3.9,22.7,0,0,38,9.3,7293.3,7,'해로움 (민감 그룹)','2024-04-01 08:08:11','2024-04-01 08:08:11','2024-04-01 00:00:00'),(757,223080,8,13.8,29.7,13.9,30.1,0,0,33,11.1,377.7,3,'보통','2024-04-01 08:08:11','2024-04-01 08:08:11','2024-04-02 00:00:00'),(758,223080,8,9.2,17.5,10,20.5,0,0,84,3.7,369.5,3,'보통','2024-04-01 08:08:11','2024-04-01 08:08:11','2024-04-03 00:00:00'),(759,223080,6,7.4,19.4,10.1,25,0,0,77,5.6,6265.2,7,'해로움 (민감 그룹)','2024-04-01 08:08:11','2024-04-01 08:08:11','2024-04-04 00:00:00'),(760,223080,2,6.2,18.2,6.3,22.8,0,0,64,5.6,7471.7,8,'건강에 해로움','2024-04-01 08:08:11','2024-04-01 08:08:11','2024-04-05 00:00:00'),(761,223081,1,4.4,23.4,3.3,24,0,0,38,7.4,7304.6,7,'해로움 (민감 그룹)','2024-04-01 08:08:12','2024-04-01 08:08:12','2024-04-01 00:00:00'),(762,223081,6,13.2,27.3,13,28.6,0,0,37,9.3,433.4,3,'보통','2024-04-01 08:08:12','2024-04-01 08:08:12','2024-04-02 00:00:00'),(763,223081,6,9.5,17.2,9.8,20.5,0,0,84,5.6,434.1,3,'보통','2024-04-01 08:08:12','2024-04-01 08:08:12','2024-04-03 00:00:00'),(764,223081,2,7.6,18.6,9.6,24.5,0,0,73,3.7,7391.8,8,'건강에 해로움','2024-04-01 08:08:12','2024-04-01 08:08:12','2024-04-04 00:00:00'),(765,223081,2,7.6,19.3,9.5,22.9,0,0,62,5.6,7475.4,8,'건강에 해로움','2024-04-01 08:08:12','2024-04-01 08:08:12','2024-04-05 00:00:00'),(766,223079,5,4,20.9,1.1,23.4,0,0,35,9.3,7275.1,7,'해로움 (민감 그룹)','2024-04-01 08:08:12','2024-04-01 08:08:12','2024-04-01 00:00:00'),(767,223079,8,13.6,29.4,12.6,29.1,0,0,35,9.3,366.3,2,'좋음','2024-04-01 08:08:13','2024-04-01 08:08:13','2024-04-02 00:00:00'),(768,223079,8,9,17.2,9.2,19.2,0,0,80,1.9,368.7,2,'좋음','2024-04-01 08:08:13','2024-04-01 08:08:13','2024-04-03 00:00:00'),(769,223079,6,7.2,19.6,8.6,24.8,0,0,70,5.6,6474.4,7,'해로움 (민감 그룹)','2024-04-01 08:08:13','2024-04-01 08:08:13','2024-04-04 00:00:00'),(770,223079,2,5.5,18,5.8,22.9,0,0,59,5.6,7457.8,8,'건강에 해로움','2024-04-01 08:08:13','2024-04-01 08:08:13','2024-04-05 00:00:00'),(771,2330428,5,3.9,22.7,1.7,23.7,0,0,34,9.3,7266.1,7,'해로움 (민감 그룹)','2024-04-01 08:08:13','2024-04-01 08:08:13','2024-04-01 00:00:00'),(772,2330428,8,13.5,29,13.2,28.2,0,0,35,5.6,405.5,2,'좋음','2024-04-01 08:08:13','2024-04-01 08:08:13','2024-04-02 00:00:00'),(773,2330428,7,8.6,17.1,9.2,19.5,0,0,80,1.9,368.2,3,'보통','2024-04-01 08:08:13','2024-04-01 08:08:13','2024-04-03 00:00:00'),(774,2330428,6,7.3,20,8.6,25.2,0,0,69,5.6,6462.2,7,'해로움 (민감 그룹)','2024-04-01 08:08:14','2024-04-01 08:08:14','2024-04-04 00:00:00'),(775,2330428,1,5.4,18.1,6,23.2,0,0,60,3.7,7451.1,7,'해로움 (민감 그룹)','2024-04-01 08:08:14','2024-04-01 08:08:14','2024-04-05 00:00:00'),(776,223084,1,5.6,20.2,4.6,21.1,0,0,35,9.3,7279.3,7,'해로움 (민감 그룹)','2024-04-01 08:08:14','2024-04-01 08:08:14','2024-04-01 00:00:00'),(777,223084,8,11,26.4,11.1,27.2,0,0,31,9.3,406.1,3,'보통','2024-04-01 08:08:14','2024-04-01 08:08:14','2024-04-02 00:00:00'),(778,223084,7,7,14.8,7,17.1,0,0,84,9.3,368.9,3,'보통','2024-04-01 08:08:14','2024-04-01 08:08:14','2024-04-03 00:00:00'),(779,223084,3,5.3,16.2,7.4,22.8,0,0,76,5.6,7080.6,8,'건강에 해로움','2024-04-01 08:08:14','2024-04-01 08:08:14','2024-04-04 00:00:00'),(780,223084,1,4.5,17.5,5.8,21.5,0,0,62,5.6,7464.3,8,'건강에 해로움','2024-04-01 08:08:14','2024-04-01 08:08:14','2024-04-05 00:00:00'),(781,223090,1,4.2,17.5,3,20.6,0,0,42,9.3,7262.1,7,'해로움 (민감 그룹)','2024-04-01 08:08:15','2024-04-01 08:08:15','2024-04-01 00:00:00'),(782,223090,8,9.7,21.3,9.1,21.6,0,0,43,7.4,577.7,2,'좋음','2024-04-01 08:08:15','2024-04-01 08:08:15','2024-04-02 00:00:00'),(783,223090,6,6.1,13.5,5.7,16.2,0,0,85,9.3,368,3,'보통','2024-04-01 08:08:15','2024-04-01 08:08:15','2024-04-03 00:00:00'),(784,223090,3,4.5,16,7,22.6,0,0,72,5.6,7198.6,7,'해로움 (민감 그룹)','2024-04-01 08:08:15','2024-04-01 08:08:15','2024-04-04 00:00:00'),(785,223090,1,4.4,17.1,5.8,21.8,0,0,62,3.7,7449.1,8,'건강에 해로움','2024-04-01 08:08:15','2024-04-01 08:08:15','2024-04-05 00:00:00'),(786,223093,1,3,18.2,1.8,21.2,0,0,38,9.3,7286.7,7,'해로움 (민감 그룹)','2024-04-01 08:08:16','2024-04-01 08:08:16','2024-04-01 00:00:00'),(787,223093,8,10.5,23.8,10.1,24.4,0,0,35,9.3,504.3,3,'보통','2024-04-01 08:08:16','2024-04-01 08:08:16','2024-04-02 00:00:00'),(788,223093,6,7.3,14.2,5.2,14.9,0,0,84,11.1,369.2,3,'보통','2024-04-01 08:08:16','2024-04-01 08:08:16','2024-04-03 00:00:00'),(789,223093,3,5.2,14.7,7.6,21.3,0,0,76,5.6,7226.2,8,'건강에 해로움','2024-04-01 08:08:16','2024-04-01 08:08:16','2024-04-04 00:00:00'),(790,223093,1,4.5,16.5,5.8,20.9,0,0,63,5.6,7469.9,8,'건강에 해로움','2024-04-01 08:08:16','2024-04-01 08:08:16','2024-04-05 00:00:00'),(791,223097,1,4,22.4,2.6,22.2,0,0,33,9.3,7289.9,7,'해로움 (민감 그룹)','2024-04-01 08:08:16','2024-04-01 08:08:16','2024-04-01 00:00:00'),(792,223097,6,12.4,27.7,12.2,28.7,0,0,32,7.4,366.9,3,'보통','2024-04-01 08:08:17','2024-04-01 08:08:17','2024-04-02 00:00:00'),(793,223097,6,8.5,16.5,7,17.2,0,0,83,13,369.4,3,'보통','2024-04-01 08:08:17','2024-04-01 08:08:17','2024-04-03 00:00:00'),(794,223097,3,6.9,17.9,8.7,24.3,0,0,77,5.6,7127.5,8,'건강에 해로움','2024-04-01 08:08:17','2024-04-01 08:08:17','2024-04-04 00:00:00'),(795,223097,2,5.6,18.2,6.2,21.2,0,0,65,5.6,7465.8,8,'건강에 해로움','2024-04-01 08:08:17','2024-04-01 08:08:17','2024-04-05 00:00:00'),(796,223112,1,2.4,24.5,2.2,24.3,0,0,34,7.4,7306.8,7,'해로움 (민감 그룹)','2024-04-01 08:08:18','2024-04-01 08:08:18','2024-04-01 00:00:00'),(797,223112,8,13.1,28.3,13.1,29.3,0,0,34,7.4,367.8,2,'좋음','2024-04-01 08:08:18','2024-04-01 08:08:18','2024-04-02 00:00:00'),(798,223112,7,9.4,17.2,9.7,20.5,0,0,82,3.7,381,3,'보통','2024-04-01 08:08:18','2024-04-01 08:08:18','2024-04-03 00:00:00'),(799,223112,6,7.4,18.7,10.1,24.4,0,0,79,3.7,6423.8,8,'건강에 해로움','2024-04-01 08:08:18','2024-04-01 08:08:18','2024-04-04 00:00:00'),(800,223112,2,6.5,18.8,6.8,23.6,0,0,66,3.7,7474.1,8,'건강에 해로움','2024-04-01 08:08:18','2024-04-01 08:08:18','2024-04-05 00:00:00'),(801,223089,1,4.8,22.5,1.8,23.1,0,0,35,7.4,7302.9,7,'해로움 (민감 그룹)','2024-04-01 08:08:18','2024-04-01 08:08:18','2024-04-01 00:00:00'),(802,223089,8,14.2,28.9,14.2,29.4,0,0,36,11.1,367.6,3,'보통','2024-04-01 08:08:18','2024-04-01 08:08:18','2024-04-02 00:00:00'),(803,223089,7,9.2,17.8,10.4,19.7,0,0,83,3.7,370,2,'좋음','2024-04-01 08:08:18','2024-04-01 08:08:18','2024-04-03 00:00:00'),(804,223089,6,6.5,19.5,8.8,25.1,0,0,76,5.6,6506.5,8,'건강에 해로움','2024-04-01 08:08:18','2024-04-01 08:08:18','2024-04-04 00:00:00'),(805,223089,2,5.5,18.4,4.8,24.1,0,0,63,5.6,7480.4,8,'건강에 해로움','2024-04-01 08:08:18','2024-04-01 08:08:18','2024-04-05 00:00:00'),(806,223086,1,5.1,19.4,4.2,23.4,0,0,40,9.3,7281.5,7,'해로움 (민감 그룹)','2024-04-01 08:08:19','2024-04-01 08:08:19','2024-04-01 00:00:00'),(807,223086,8,13.4,27.1,12.4,26.7,0,0,40,9.3,368.2,2,'좋음','2024-04-01 08:08:19','2024-04-01 08:08:19','2024-04-02 00:00:00'),(808,223086,6,9.1,16.8,9.7,19.6,0,0,82,3.7,369,3,'보통','2024-04-01 08:08:19','2024-04-01 08:08:19','2024-04-03 00:00:00'),(809,223086,6,7.1,18.3,8.9,23.7,0,0,75,7.4,5740.8,7,'해로움 (민감 그룹)','2024-04-01 08:08:19','2024-04-01 08:08:19','2024-04-04 00:00:00'),(810,223086,2,6.2,17.4,6,22,0,0,62,5.6,7457.1,8,'건강에 해로움','2024-04-01 08:08:19','2024-04-01 08:08:19','2024-04-05 00:00:00'),(811,224257,1,8,19.7,4.7,23.6,0,0,52,7.4,7318.9,7,'해로움 (민감 그룹)','2024-04-01 08:08:19','2024-04-01 08:08:19','2024-04-01 00:00:00'),(812,224257,8,13.4,21.6,12.1,21.5,0,0,54,11.1,369.7,2,'좋음','2024-04-01 08:08:19','2024-04-01 08:08:19','2024-04-02 00:00:00'),(813,224257,7,10.7,16.4,9.6,19.7,0,0,83,5.6,372,3,'보통','2024-04-01 08:08:20','2024-04-01 08:08:20','2024-04-03 00:00:00'),(814,224257,6,6.3,15.4,7.7,20.9,0,0,80,9.3,6268.7,8,'건강에 해로움','2024-04-01 08:08:20','2024-04-01 08:08:20','2024-04-04 00:00:00'),(815,224257,2,7.2,16.8,5.8,18.7,0,0,62,9.3,7493.5,8,'건강에 해로움','2024-04-01 08:08:20','2024-04-01 08:08:20','2024-04-05 00:00:00'),(816,224259,1,8.3,20.1,6.3,23,0,0,48,11.1,7349.5,7,'해로움 (민감 그룹)','2024-04-01 08:08:20','2024-04-01 08:08:20','2024-04-01 00:00:00'),(817,224259,6,13.4,19.1,11.1,21,0,0,63,13,2856.3,5,'보통','2024-04-01 08:08:20','2024-04-01 08:08:20','2024-04-02 00:00:00'),(818,224259,4,11.8,15.7,8.1,15.2,0,0,85,20.4,1674.4,4,'보통','2024-04-01 08:08:20','2024-04-01 08:08:20','2024-04-03 00:00:00'),(819,224259,3,8.8,15.8,9.7,17.3,0,0,73,16.7,6936.1,8,'건강에 해로움','2024-04-01 08:08:20','2024-04-01 08:08:20','2024-04-04 00:00:00'),(820,224259,2,9.7,16.6,9.2,20.6,0,0,57,7.4,7512.9,8,'건강에 해로움','2024-04-01 08:08:20','2024-04-01 08:08:20','2024-04-05 00:00:00'),(821,224258,1,4.6,24.4,4.2,24.7,0,0,34,9.3,7336.5,7,'해로움 (민감 그룹)','2024-04-01 08:08:20','2024-04-01 08:08:20','2024-04-01 00:00:00'),(822,224258,7,13.3,23.6,11.9,25.6,0,0,41,7.4,1241.1,4,'보통','2024-04-01 08:08:20','2024-04-01 08:08:20','2024-04-02 00:00:00'),(823,224258,6,11.6,16.9,10.1,16.9,0,0,84,14.8,635.6,3,'보통','2024-04-01 08:08:21','2024-04-01 08:08:21','2024-04-03 00:00:00'),(824,224258,2,7.4,16.8,9,22.3,0,0,76,7.4,7421.2,8,'건강에 해로움','2024-04-01 08:08:21','2024-04-01 08:08:21','2024-04-04 00:00:00'),(825,224258,2,7.7,18.8,8.1,23.8,0,0,56,3.7,7511.1,8,'건강에 해로움','2024-04-01 08:08:21','2024-04-01 08:08:21','2024-04-05 00:00:00'),(826,224256,1,2.8,26.8,2.2,26.8,0,0,34,9.3,7330.9,7,'해로움 (민감 그룹)','2024-04-01 08:08:21','2024-04-01 08:08:21','2024-04-01 00:00:00'),(827,224256,6,14,27.5,13.5,28.6,0,0,39,11.1,432.8,3,'보통','2024-04-01 08:08:21','2024-04-01 08:08:21','2024-04-02 00:00:00'),(828,224256,7,11,17.7,11.9,20.9,0,0,81,7.4,371.3,3,'보통','2024-04-01 08:08:21','2024-04-01 08:08:21','2024-04-03 00:00:00'),(829,224256,2,6.1,18.5,7.9,24.1,0,0,78,3.7,7416.5,8,'건강에 해로움','2024-04-01 08:08:21','2024-04-01 08:08:21','2024-04-04 00:00:00'),(830,224256,1,5.7,19.6,6.4,24.4,0,0,59,3.7,7517.2,8,'건강에 해로움','2024-04-01 08:08:22','2024-04-01 08:08:22','2024-04-05 00:00:00'),(831,224255,1,4.9,24.1,4.6,24.4,0,0,33,9.3,7334.3,7,'해로움 (민감 그룹)','2024-04-01 08:08:22','2024-04-01 08:08:22','2024-04-01 00:00:00'),(832,224255,7,13.3,23.6,12.3,25.7,0,0,39,7.4,2206,4,'보통','2024-04-01 08:08:22','2024-04-01 08:08:22','2024-04-02 00:00:00'),(833,224255,6,11.3,16.7,9.3,16.4,0,0,84,14.8,656.2,3,'보통','2024-04-01 08:08:22','2024-04-01 08:08:22','2024-04-03 00:00:00'),(834,224255,2,6.4,17.1,8.2,21.6,0,0,73,9.3,7445.3,8,'건강에 해로움','2024-04-01 08:08:22','2024-04-01 08:08:22','2024-04-04 00:00:00'),(835,224255,2,7.6,19.1,7.9,23.9,0,0,53,3.7,7512.2,8,'건강에 해로움','2024-04-01 08:08:22','2024-04-01 08:08:22','2024-04-05 00:00:00'),(836,224270,1,3.6,26.7,2.7,26.7,0,0,33,9.3,7311.1,7,'해로움 (민감 그룹)','2024-04-01 08:08:23','2024-04-01 08:08:23','2024-04-01 00:00:00'),(837,224270,6,14,29,13.8,30.5,0,0,34,7.4,368,3,'보통','2024-04-01 08:08:23','2024-04-01 08:08:23','2024-04-02 00:00:00'),(838,224270,6,10,17.9,10.3,21.1,0,0,83,3.7,370.4,3,'보통','2024-04-01 08:08:23','2024-04-01 08:08:23','2024-04-03 00:00:00'),(839,224270,3,7.6,19.1,9.4,24.9,0,0,80,3.7,7142.9,8,'건강에 해로움','2024-04-01 08:08:23','2024-04-01 08:08:23','2024-04-04 00:00:00'),(840,224270,2,6.4,19.2,6.4,24,0,0,65,3.7,7489.5,8,'건강에 해로움','2024-04-01 08:08:23','2024-04-01 08:08:23','2024-04-05 00:00:00'),(841,224267,1,1.7,26.3,0.2,26.4,0,0,33,9.3,7323.9,7,'해로움 (민감 그룹)','2024-04-01 08:08:23','2024-04-01 08:08:23','2024-04-01 00:00:00'),(842,224267,6,13.5,26.7,12.9,27.2,0,0,37,9.3,368.6,3,'보통','2024-04-01 08:08:23','2024-04-01 08:08:23','2024-04-02 00:00:00'),(843,224267,6,11.2,17.7,12.5,18.9,0,0,82,9.3,473.4,3,'보통','2024-04-01 08:08:24','2024-04-01 08:08:24','2024-04-03 00:00:00'),(844,224267,3,7.6,17.7,9.3,24.1,0,0,82,3.7,7182.1,8,'건강에 해로움','2024-04-01 08:08:24','2024-04-01 08:08:24','2024-04-04 00:00:00'),(845,224267,1,7.8,20,9.2,23.3,0,0,63,5.6,7505.6,8,'건강에 해로움','2024-04-01 08:08:24','2024-04-01 08:08:24','2024-04-05 00:00:00'),(846,224297,1,4.2,25.3,2.8,25.6,0,0,33,9.3,7318.9,7,'해로움 (민감 그룹)','2024-04-01 08:08:24','2024-04-01 08:08:24','2024-04-01 00:00:00'),(847,224297,6,13.4,26.4,12.5,27.9,0,0,33,9.3,1962.9,4,'보통','2024-04-01 08:08:24','2024-04-01 08:08:24','2024-04-02 00:00:00'),(848,224297,8,10.6,17.5,11.7,19,0,0,83,5.6,571.5,2,'좋음','2024-04-01 08:08:24','2024-04-01 08:08:24','2024-04-03 00:00:00'),(849,224297,2,8,17.9,9.8,24.4,0,0,78,1.9,7424.7,8,'건강에 해로움','2024-04-01 08:08:24','2024-04-01 08:08:24','2024-04-04 00:00:00'),(850,224297,2,8.1,19.4,9.7,23.5,0,0,61,5.6,7495.5,8,'건강에 해로움','2024-04-01 08:08:24','2024-04-01 08:08:24','2024-04-05 00:00:00'),(851,224342,1,7.6,20.4,5.8,23.3,0,0,44,9.3,7358.8,7,'해로움 (민감 그룹)','2024-04-01 08:08:25','2024-04-01 08:08:25','2024-04-01 00:00:00'),(852,224342,8,12.9,20.5,11.1,21.7,0,0,59,9.3,772.9,3,'보통','2024-04-01 08:08:25','2024-04-01 08:08:25','2024-04-02 00:00:00'),(853,224342,8,12.2,15.6,8.7,14.5,0,0,84,20.4,1502,3,'보통','2024-04-01 08:08:25','2024-04-01 08:08:25','2024-04-03 00:00:00'),(854,224342,6,6.8,15.5,8.5,17.8,0,0,74,14.8,6249.1,8,'건강에 해로움','2024-04-01 08:08:25','2024-04-01 08:08:25','2024-04-04 00:00:00'),(855,224342,2,9,17.1,8.9,21.8,0,0,59,5.6,7507.6,8,'건강에 해로움','2024-04-01 08:08:25','2024-04-01 08:08:25','2024-04-05 00:00:00'),(856,224269,1,4.1,24.4,2.9,24.7,0,0,37,9.3,7343.8,7,'해로움 (민감 그룹)','2024-04-01 08:08:26','2024-04-01 08:08:26','2024-04-01 00:00:00'),(857,224269,8,13.2,22.8,11.8,23.5,0,0,50,9.3,764.4,3,'보통','2024-04-01 08:08:26','2024-04-01 08:08:26','2024-04-02 00:00:00'),(858,224269,6,12.1,16.7,10.5,17.1,0,0,84,16.7,755.1,3,'보통','2024-04-01 08:08:26','2024-04-01 08:08:26','2024-04-03 00:00:00'),(859,224269,3,6.8,16.2,8.2,21.2,0,0,78,9.3,7233.4,8,'건강에 해로움','2024-04-01 08:08:26','2024-04-01 08:08:26','2024-04-04 00:00:00'),(860,224269,2,7.5,19.2,8.1,22.9,0,0,59,5.6,7518.7,8,'건강에 해로움','2024-04-01 08:08:26','2024-04-01 08:08:26','2024-04-05 00:00:00'),(861,224341,1,4,25.9,2.8,26.1,0,0,33,9.3,7321.6,7,'해로움 (민감 그룹)','2024-04-01 08:08:26','2024-04-01 08:08:26','2024-04-01 00:00:00'),(862,224341,6,13.1,26.8,12.7,28.3,0,0,35,9.3,368.5,3,'보통','2024-04-01 08:08:26','2024-04-01 08:08:26','2024-04-02 00:00:00'),(863,224341,7,10.7,16.8,11.4,20.3,0,0,82,5.6,370.9,4,'보통','2024-04-01 08:08:26','2024-04-01 08:08:26','2024-04-03 00:00:00'),(864,224341,2,7.1,16.9,8.7,23.4,0,0,83,3.7,7393.3,8,'건강에 해로움','2024-04-01 08:08:26','2024-04-01 08:08:26','2024-04-04 00:00:00'),(865,224341,2,7,18.5,7.1,23.3,0,0,65,3.7,7500,8,'건강에 해로움','2024-04-01 08:08:26','2024-04-01 08:08:26','2024-04-05 00:00:00'),(866,224264,1,6.3,21.2,4.6,24.2,0,0,41,9.3,7362.8,7,'해로움 (민감 그룹)','2024-04-01 08:08:27','2024-04-01 08:08:27','2024-04-01 00:00:00'),(867,224264,6,13,20.7,11.3,21.8,0,0,63,7.4,448,3,'보통','2024-04-01 08:08:27','2024-04-01 08:08:27','2024-04-02 00:00:00'),(868,224264,7,12.4,15.8,9.3,14.4,0,0,87,18.5,448.2,4,'보통','2024-04-01 08:08:27','2024-04-01 08:08:27','2024-04-03 00:00:00'),(869,224264,6,6,16,7.6,18.3,0,0,78,13,6614.5,8,'건강에 해로움','2024-04-01 08:08:27','2024-04-01 08:08:27','2024-04-04 00:00:00'),(870,224264,2,8.6,17.7,8.1,22.5,0,0,60,5.6,7410,8,'건강에 해로움','2024-04-01 08:08:27','2024-04-01 08:08:27','2024-04-05 00:00:00'),(871,224262,1,5,22.4,3.6,23.5,0,0,38,7.4,7357.9,7,'해로움 (민감 그룹)','2024-04-01 08:08:27','2024-04-01 08:08:27','2024-04-01 00:00:00'),(872,224262,6,13.4,22.8,11.4,24,0,0,56,7.4,370.3,3,'보통','2024-04-01 08:08:27','2024-04-01 08:08:27','2024-04-02 00:00:00'),(873,224262,7,12.2,16.6,9.2,15.8,0,0,87,16.7,372.7,4,'보통','2024-04-01 08:08:27','2024-04-01 08:08:27','2024-04-03 00:00:00'),(874,224262,3,4.8,16.9,7,20,0,0,79,13,7099.7,8,'건강에 해로움','2024-04-01 08:08:27','2024-04-01 08:08:27','2024-04-04 00:00:00'),(875,224262,2,6.6,19,6.7,24,0,0,61,3.7,7503.1,8,'건강에 해로움','2024-04-01 08:08:28','2024-04-01 08:08:28','2024-04-05 00:00:00'),(876,224266,2,6.8,20.5,3,23.6,0,0,41,7.4,7354.1,7,'해로움 (민감 그룹)','2024-04-01 08:08:28','2024-04-01 08:08:28','2024-04-01 00:00:00'),(877,224266,6,13.3,21.7,11.1,22.3,0,0,59,11.1,370.5,3,'보통','2024-04-01 08:08:28','2024-04-01 08:08:28','2024-04-02 00:00:00'),(878,224266,7,11.9,16.5,8.8,16.8,0,0,87,16.7,372.9,3,'보통','2024-04-01 08:08:28','2024-04-01 08:08:28','2024-04-03 00:00:00'),(879,224266,6,5.7,16.6,6.7,20.1,0,0,79,13,6833.5,8,'건강에 해로움','2024-04-01 08:08:28','2024-04-01 08:08:28','2024-04-04 00:00:00'),(880,224266,2,6.8,17.9,6.3,22.3,0,0,61,5.6,7456.7,8,'건강에 해로움','2024-04-01 08:08:28','2024-04-01 08:08:28','2024-04-05 00:00:00'),(881,224273,1,4.2,21.8,1.8,24.8,0,0,37,7.4,7345.2,7,'해로움 (민감 그룹)','2024-04-01 08:08:29','2024-04-01 08:08:29','2024-04-01 00:00:00'),(882,224273,6,14,25.2,13.4,26.7,0,0,47,9.3,369.7,3,'보통','2024-04-01 08:08:29','2024-04-01 08:08:29','2024-04-02 00:00:00'),(883,224273,7,11.3,17.4,9.5,18.7,0,0,82,11.1,372,4,'보통','2024-04-01 08:08:29','2024-04-01 08:08:29','2024-04-03 00:00:00'),(884,224273,6,4.8,17.6,6.2,23.7,0,0,79,5.6,6570.5,8,'건강에 해로움','2024-04-01 08:08:29','2024-04-01 08:08:29','2024-04-04 00:00:00'),(885,224273,2,5.7,18.9,5.4,23.2,0,0,60,3.7,7515.2,8,'건강에 해로움','2024-04-01 08:08:29','2024-04-01 08:08:29','2024-04-05 00:00:00'),(886,224344,2,7.2,21.1,4.2,23.9,0,0,41,7.4,7341.5,7,'해로움 (민감 그룹)','2024-04-01 08:08:29','2024-04-01 08:08:29','2024-04-01 00:00:00'),(887,224344,6,13.7,22.9,13,24.1,0,0,50,11.1,369.7,3,'보통','2024-04-01 08:08:29','2024-04-01 08:08:29','2024-04-02 00:00:00'),(888,224344,7,11,16.8,10.3,18.9,0,0,83,7.4,372,3,'보통','2024-04-01 08:08:29','2024-04-01 08:08:29','2024-04-03 00:00:00'),(889,224344,6,5.9,16.3,7.5,22,0,0,79,5.6,6038.9,8,'건강에 해로움','2024-04-01 08:08:29','2024-04-01 08:08:29','2024-04-04 00:00:00'),(890,224344,2,6.7,17.7,5.4,20.8,0,0,61,7.4,7508.4,8,'건강에 해로움','2024-04-01 08:08:30','2024-04-01 08:08:30','2024-04-05 00:00:00'),(891,224261,1,3.3,21.6,2.6,23.9,0,0,39,7.4,7327.9,7,'해로움 (민감 그룹)','2024-04-01 08:08:30','2024-04-01 08:08:30','2024-04-01 00:00:00'),(892,224261,6,13.9,26,13.4,27.1,0,0,42,11.1,368.8,3,'보통','2024-04-01 08:08:30','2024-04-01 08:08:30','2024-04-02 00:00:00'),(893,224261,7,9.6,17.4,10.4,21.1,0,0,81,5.6,633.2,4,'보통','2024-04-01 08:08:30','2024-04-01 08:08:30','2024-04-03 00:00:00'),(894,224261,3,6.1,17.6,7.9,24,0,0,78,5.6,7307.6,8,'건강에 해로움','2024-04-01 08:08:30','2024-04-01 08:08:30','2024-04-04 00:00:00'),(895,224261,2,5.1,18.2,4.1,22.3,0,0,60,5.6,7507.5,8,'건강에 해로움','2024-04-01 08:08:30','2024-04-01 08:08:30','2024-04-05 00:00:00'),(896,224338,2,5.4,20.8,1.9,23.4,0,0,39,7.4,7307.7,7,'해로움 (민감 그룹)','2024-04-01 08:08:31','2024-04-01 08:08:31','2024-04-01 00:00:00'),(897,224338,8,13.8,25.7,13,25.3,0,0,42,14.8,368.1,2,'좋음','2024-04-01 08:08:31','2024-04-01 08:08:31','2024-04-02 00:00:00'),(898,224338,7,9.4,17,10.3,20.8,0,0,82,5.6,502.9,4,'보통','2024-04-01 08:08:31','2024-04-01 08:08:31','2024-04-03 00:00:00'),(899,224338,6,6.1,17.2,8,23.6,0,0,78,7.4,6082.9,8,'건강에 해로움','2024-04-01 08:08:31','2024-04-01 08:08:31','2024-04-04 00:00:00'),(900,224338,2,5.7,17.4,3.8,21.3,0,0,61,7.4,7438,8,'건강에 해로움','2024-04-01 08:08:31','2024-04-01 08:08:31','2024-04-05 00:00:00'),(901,2330430,1,2.1,26.7,-1,26.7,0,0,31,9.3,7313.2,7,'해로움 (민감 그룹)','2024-04-01 08:08:31','2024-04-01 08:08:31','2024-04-01 00:00:00'),(902,2330430,6,14,29,14,30.1,0,0,35,9.3,368.1,3,'보통','2024-04-01 08:08:32','2024-04-01 08:08:32','2024-04-02 00:00:00'),(903,2330430,7,10,17.9,11.1,21.3,0,0,83,3.7,555.2,4,'보통','2024-04-01 08:08:32','2024-04-01 08:08:32','2024-04-03 00:00:00'),(904,2330430,6,7,19.4,8.9,25.3,0,0,79,3.7,6697.3,8,'건강에 해로움','2024-04-01 08:08:32','2024-04-01 08:08:32','2024-04-04 00:00:00'),(905,2330430,2,5.1,19.2,5.4,24.1,0,0,64,5.6,7480.9,8,'건강에 해로움','2024-04-01 08:08:32','2024-04-01 08:08:32','2024-04-05 00:00:00'),(906,224271,6,10.2,18.6,5.8,23.6,0,0,52,9.3,7303,7,'해로움 (민감 그룹)','2024-04-01 08:08:32','2024-04-01 08:08:32','2024-04-01 00:00:00'),(907,224271,8,12.9,17.4,8.4,20.9,0,0,76,9.3,371.4,2,'좋음','2024-04-01 08:08:33','2024-04-01 08:08:33','2024-04-02 00:00:00'),(908,224271,7,12.8,15.4,8.2,11.5,0,0,90,31.5,373.7,3,'보통','2024-04-01 08:08:33','2024-04-01 08:08:33','2024-04-03 00:00:00'),(909,224271,6,9.7,15.3,9.8,14.5,0,0,76,22.2,4332.5,6,'해로움 (민감 그룹)','2024-04-01 08:08:33','2024-04-01 08:08:33','2024-04-04 00:00:00'),(910,224271,6,10.9,16.2,9.6,20.5,0,0,61,5.6,6912.8,8,'건강에 해로움','2024-04-01 08:08:33','2024-04-01 08:08:33','2024-04-05 00:00:00'),(911,224260,1,9.6,18.2,5.5,23.4,0,0,49,9.3,7352.7,7,'해로움 (민감 그룹)','2024-04-01 08:08:33','2024-04-01 08:08:33','2024-04-01 00:00:00'),(912,224260,8,12.7,19,9.8,19.4,0,0,67,13,370.8,3,'보통','2024-04-01 08:08:33','2024-04-01 08:08:33','2024-04-02 00:00:00'),(913,224260,7,11.7,15.7,9,15.4,0,0,86,18.5,373.2,3,'보통','2024-04-01 08:08:33','2024-04-01 08:08:33','2024-04-03 00:00:00'),(914,224260,3,7.9,15,7.8,19.8,0,0,81,9.3,6980.2,8,'건강에 해로움','2024-04-01 08:08:33','2024-04-01 08:08:33','2024-04-04 00:00:00'),(915,224260,6,9.2,16.2,7.3,19.7,0,0,63,9.3,5749.8,8,'건강에 해로움','2024-04-01 08:08:33','2024-04-01 08:08:33','2024-04-05 00:00:00'),(916,2330431,6,9.4,18.6,6.6,23.4,0,0,55,9.3,7253.2,7,'해로움 (민감 그룹)','2024-04-01 08:08:34','2024-04-01 08:08:34','2024-04-01 00:00:00'),(917,2330431,8,12.7,19,10.4,18.4,0,0,64,14.8,370,2,'좋음','2024-04-01 08:08:34','2024-04-01 08:08:34','2024-04-02 00:00:00'),(918,2330431,7,10.8,15.4,8.7,17.1,0,0,85,9.3,372.3,3,'보통','2024-04-01 08:08:34','2024-04-01 08:08:34','2024-04-03 00:00:00'),(919,2330431,6,7.7,14.5,7.4,19.3,0,0,83,13,6358.2,8,'건강에 해로움','2024-04-01 08:08:34','2024-04-01 08:08:34','2024-04-04 00:00:00'),(920,2330431,3,8.8,15.8,5.9,17,0,0,64,13,7162.1,8,'건강에 해로움','2024-04-01 08:08:34','2024-04-01 08:08:34','2024-04-05 00:00:00'),(921,223682,1,7.7,22.6,6.8,23.4,0,0,30,11.1,7260,7,'해로움 (민감 그룹)','2024-04-01 08:08:34','2024-04-01 08:08:34','2024-04-01 00:00:00'),(922,223682,6,11.2,18.8,8.2,19,0,0,48,11.1,4004.4,5,'보통','2024-04-01 08:08:34','2024-04-01 08:08:34','2024-04-02 00:00:00'),(923,223682,6,9.4,13.7,6.9,12.9,0,0,86,16.7,955.9,4,'보통','2024-04-01 08:08:34','2024-04-01 08:08:34','2024-04-03 00:00:00'),(924,223682,3,9.6,15.4,9.1,18.5,0,0,56,14.8,7205.2,7,'해로움 (민감 그룹)','2024-04-01 08:08:34','2024-04-01 08:08:34','2024-04-04 00:00:00'),(925,223682,1,7.1,16.1,8.4,21.5,0,0,49,7.4,7447.4,7,'해로움 (민감 그룹)','2024-04-01 08:08:35','2024-04-01 08:08:35','2024-04-05 00:00:00'),(926,223681,1,5.5,20.9,5.1,21.9,0,0,32,11.1,7257.4,7,'해로움 (민감 그룹)','2024-04-01 08:08:35','2024-04-01 08:08:35','2024-04-01 00:00:00'),(927,223681,8,10.5,21,8.4,21.5,0,0,42,7.4,2302.4,2,'좋음','2024-04-01 08:08:35','2024-04-01 08:08:35','2024-04-02 00:00:00'),(928,223681,6,7.8,13.8,5,13.1,0,0,87,16.7,1354.2,4,'보통','2024-04-01 08:08:35','2024-04-01 08:08:35','2024-04-03 00:00:00'),(929,223681,3,7,15.4,7.8,18.6,0,0,57,13,7202.8,7,'해로움 (민감 그룹)','2024-04-01 08:08:35','2024-04-01 08:08:35','2024-04-04 00:00:00'),(930,223681,1,5.4,16.8,6.8,20.9,0,0,52,7.4,7445.1,7,'해로움 (민감 그룹)','2024-04-01 08:08:35','2024-04-01 08:08:35','2024-04-05 00:00:00'),(931,223673,1,4.6,21.5,5.3,23.1,0,0,32,7.4,7256.6,7,'해로움 (민감 그룹)','2024-04-01 08:08:36','2024-04-01 08:08:36','2024-04-01 00:00:00'),(932,223673,8,12,23.5,11.4,23.8,0,0,37,5.6,549.2,2,'좋음','2024-04-01 08:08:36','2024-04-01 08:08:36','2024-04-02 00:00:00'),(933,223673,6,7.7,15.6,8.4,16.7,0,0,87,11.1,649.6,3,'보통','2024-04-01 08:08:36','2024-04-01 08:08:36','2024-04-03 00:00:00'),(934,223673,3,6.8,17.6,8.6,22,0,0,64,7.4,7213.6,7,'해로움 (민감 그룹)','2024-04-01 08:08:36','2024-04-01 08:08:36','2024-04-04 00:00:00'),(935,223673,1,6.1,19.1,7.7,22.7,0,0,54,5.6,7444.2,7,'해로움 (민감 그룹)','2024-04-01 08:08:36','2024-04-01 08:08:36','2024-04-05 00:00:00'),(936,223679,1,0,20.8,2,21.3,0,0,37,11.1,7221.1,7,'해로움 (민감 그룹)','2024-04-01 08:08:37','2024-04-01 08:08:37','2024-04-01 00:00:00'),(937,223679,8,10.1,23.3,8,22.9,0,0,37,5.6,363.6,2,'좋음','2024-04-01 08:08:37','2024-04-01 08:08:37','2024-04-02 00:00:00'),(938,223679,6,7.9,15.3,7.2,14.5,0,0,83,14.8,646.6,3,'보통','2024-04-01 08:08:37','2024-04-01 08:08:37','2024-04-03 00:00:00'),(939,223679,3,4.2,16.3,6.3,20,0,0,54,9.3,6864.9,7,'해로움 (민감 그룹)','2024-04-01 08:08:37','2024-04-01 08:08:37','2024-04-04 00:00:00'),(940,223679,1,4.3,17.6,7,20.9,0,0,53,7.4,7411.4,7,'해로움 (민감 그룹)','2024-04-01 08:08:37','2024-04-01 08:08:37','2024-04-05 00:00:00'),(941,223680,1,3.2,21.2,4.6,22.8,0,0,32,9.3,7245.7,7,'해로움 (민감 그룹)','2024-04-01 08:08:37','2024-04-01 08:08:37','2024-04-01 00:00:00'),(942,223680,8,12.2,23.9,10.4,23.8,0,0,37,3.7,364.8,2,'좋음','2024-04-01 08:08:37','2024-04-01 08:08:37','2024-04-02 00:00:00'),(943,223680,8,7.9,15.7,8.2,16.1,0,0,84,11.1,468.6,2,'좋음','2024-04-01 08:08:38','2024-04-01 08:08:38','2024-04-03 00:00:00'),(944,223680,3,6.3,17.8,9.2,22.8,0,0,56,5.6,7154.4,7,'해로움 (민감 그룹)','2024-04-01 08:08:38','2024-04-01 08:08:38','2024-04-04 00:00:00'),(945,223680,1,5.2,19,7.5,22.6,0,0,53,5.6,7434.1,7,'해로움 (민감 그룹)','2024-04-01 08:08:38','2024-04-01 08:08:38','2024-04-05 00:00:00'),(946,223677,1,3.6,17.8,3.8,19.1,0,0,34,11.1,7190.5,7,'해로움 (민감 그룹)','2024-04-01 08:08:38','2024-04-01 08:08:38','2024-04-01 00:00:00'),(947,223677,18,10.8,21.8,11.1,21.3,0.9,0,31,7.4,389.9,1,'좋음','2024-04-01 08:08:38','2024-04-01 08:08:38','2024-04-02 00:00:00'),(948,223677,8,5.1,15.2,6.1,16.6,0,0,87,7.4,364.6,2,'좋음','2024-04-01 08:08:38','2024-04-01 08:08:38','2024-04-03 00:00:00'),(949,223677,3,1.6,15.2,3.5,19.7,0,0,58,7.4,6881,7,'해로움 (민감 그룹)','2024-04-01 08:08:38','2024-04-01 08:08:38','2024-04-04 00:00:00'),(950,223677,1,4.7,16.6,6.7,19.2,0,0,54,7.4,7383.8,7,'해로움 (민감 그룹)','2024-04-01 08:08:38','2024-04-01 08:08:38','2024-04-05 00:00:00'),(951,223675,1,3.7,21,3.6,22.1,0,0,30,11.1,7262.5,7,'해로움 (민감 그룹)','2024-04-01 08:08:39','2024-04-01 08:08:39','2024-04-01 00:00:00'),(952,223675,8,11.5,22.9,9.9,24.4,0,0,39,3.7,365.7,2,'좋음','2024-04-01 08:08:39','2024-04-01 08:08:39','2024-04-02 00:00:00'),(953,223675,6,8,14.5,5.6,13.2,0,0,86,16.7,1593.1,4,'보통','2024-04-01 08:08:39','2024-04-01 08:08:39','2024-04-03 00:00:00'),(954,223675,3,6.5,16.3,7.8,19.5,0,0,54,13,7230.9,7,'해로움 (민감 그룹)','2024-04-01 08:08:39','2024-04-01 08:08:39','2024-04-04 00:00:00'),(955,223675,1,5,17.4,7.3,22,0,0,49,7.4,7451.1,7,'해로움 (민감 그룹)','2024-04-01 08:08:39','2024-04-01 08:08:39','2024-04-05 00:00:00'),(956,223676,1,2.7,20.9,3.4,23.1,0,0,30,9.3,7227.4,7,'해로움 (민감 그룹)','2024-04-01 08:08:39','2024-04-01 08:08:39','2024-04-01 00:00:00'),(957,223676,8,11.7,22.7,10.3,22.3,0,0,38,5.6,712.4,2,'좋음','2024-04-01 08:08:39','2024-04-01 08:08:39','2024-04-02 00:00:00'),(958,223676,8,8.3,15.4,8.6,15.4,0,0,86,11.1,366.6,2,'좋음','2024-04-01 08:08:39','2024-04-01 08:08:39','2024-04-03 00:00:00'),(959,223676,4,5.4,17.3,7,22.4,0,0,59,5.6,6510.3,7,'해로움 (민감 그룹)','2024-04-01 08:08:40','2024-04-01 08:08:40','2024-04-04 00:00:00'),(960,223676,1,4.7,19,7.2,21.8,0,0,57,7.4,7422.4,7,'해로움 (민감 그룹)','2024-04-01 08:08:40','2024-04-01 08:08:40','2024-04-05 00:00:00'),(961,223674,1,4.2,18.7,4.4,21.7,0,0,32,9.3,7216.9,7,'해로움 (민감 그룹)','2024-04-01 08:08:40','2024-04-01 08:08:40','2024-04-01 00:00:00'),(962,223674,12,11.3,21.6,10.1,21.2,0.4,0,35,5.6,549.4,2,'좋음','2024-04-01 08:08:40','2024-04-01 08:08:40','2024-04-02 00:00:00'),(963,223674,8,7.5,15.3,7.3,14.8,0,0,85,14.8,365.9,2,'좋음','2024-04-01 08:08:40','2024-04-01 08:08:40','2024-04-03 00:00:00'),(964,223674,4,4.7,16.5,7.1,21.2,0,0,64,7.4,6048.9,7,'해로움 (민감 그룹)','2024-04-01 08:08:40','2024-04-01 08:08:40','2024-04-04 00:00:00'),(965,223674,1,4.8,17.6,7.3,20.9,0,0,57,5.6,7407.7,7,'해로움 (민감 그룹)','2024-04-01 08:08:40','2024-04-01 08:08:40','2024-04-05 00:00:00'),(966,223678,1,4.9,21.8,5.4,22.8,0,0,31,11.1,7274.9,7,'해로움 (민감 그룹)','2024-04-01 08:08:41','2024-04-01 08:08:41','2024-04-01 00:00:00'),(967,223678,8,12.6,23.9,10.3,23.9,0,0,37,7.4,366.2,2,'좋음','2024-04-01 08:08:41','2024-04-01 08:08:41','2024-04-02 00:00:00'),(968,223678,6,8.6,15,7.2,13.6,0,0,82,16.7,1595.4,4,'보통','2024-04-01 08:08:41','2024-04-01 08:08:41','2024-04-03 00:00:00'),(969,223678,2,6.6,16.7,8,19.8,0,0,55,13,7313.2,7,'해로움 (민감 그룹)','2024-04-01 08:08:41','2024-04-01 08:08:41','2024-04-04 00:00:00'),(970,223678,1,5.6,18.1,8,23.3,0,0,49,5.6,7461.2,8,'건강에 해로움','2024-04-01 08:08:41','2024-04-01 08:08:41','2024-04-05 00:00:00'),(971,223730,1,4.6,20.3,4.2,22.2,0,0,30,9.3,7249.5,7,'해로움 (민감 그룹)','2024-04-01 08:08:41','2024-04-01 08:08:41','2024-04-01 00:00:00'),(972,223730,8,11.8,23.7,9.2,23.6,0,0,35,7.4,365,2,'좋음','2024-04-01 08:08:41','2024-04-01 08:08:41','2024-04-02 00:00:00'),(973,223730,6,8.8,15.3,8.9,14.8,0,0,84,13,745.8,3,'보통','2024-04-01 08:08:41','2024-04-01 08:08:41','2024-04-03 00:00:00'),(974,223730,3,5.9,16.5,7.6,20.7,0,0,56,9.3,7002.2,7,'해로움 (민감 그룹)','2024-04-01 08:08:41','2024-04-01 08:08:41','2024-04-04 00:00:00'),(975,223730,1,5.1,18,8,22.4,0,0,52,7.4,7437.7,7,'해로움 (민감 그룹)','2024-04-01 08:08:41','2024-04-01 08:08:41','2024-04-05 00:00:00'),(976,223693,1,4.7,20.4,5.6,22.2,0,0,31,9.3,7236.7,7,'해로움 (민감 그룹)','2024-04-01 08:08:42','2024-04-01 08:08:42','2024-04-01 00:00:00'),(977,223693,12,11.2,24.1,8.7,24.4,0.5,0,36,3.7,364.3,1,'좋음','2024-04-01 08:08:42','2024-04-01 08:08:42','2024-04-02 00:00:00'),(978,223693,6,8.4,15.7,8.5,15.2,0,0,83,14.8,549.6,3,'보통','2024-04-01 08:08:42','2024-04-01 08:08:42','2024-04-03 00:00:00'),(979,223693,4,5.3,16.6,7.4,21.5,0,0,54,7.4,6636.1,7,'해로움 (민감 그룹)','2024-04-01 08:08:42','2024-04-01 08:08:42','2024-04-04 00:00:00'),(980,223693,1,4.5,18.1,7.5,22.1,0,0,51,7.4,7425.9,7,'해로움 (민감 그룹)','2024-04-01 08:08:42','2024-04-01 08:08:42','2024-04-05 00:00:00'),(981,223700,1,2.1,19,2.8,20.3,0,0,33,11.1,7231.3,7,'해로움 (민감 그룹)','2024-04-01 08:08:43','2024-04-01 08:08:43','2024-04-01 00:00:00'),(982,223700,8,9.3,22.6,6.4,22.6,0,0,37,7.4,364.1,2,'좋음','2024-04-01 08:08:43','2024-04-01 08:08:43','2024-04-02 00:00:00'),(983,223700,6,6.7,13.5,3.9,12.8,0,0,86,16.7,925.7,3,'보통','2024-04-01 08:08:43','2024-04-01 08:08:43','2024-04-03 00:00:00'),(984,223700,3,5.2,14.3,6.3,17.9,0,0,57,13,6143.6,7,'해로움 (민감 그룹)','2024-04-01 08:08:43','2024-04-01 08:08:43','2024-04-04 00:00:00'),(985,223700,1,4.8,16.6,6.5,19.3,0,0,56,9.3,7420.8,7,'해로움 (민감 그룹)','2024-04-01 08:08:43','2024-04-01 08:08:43','2024-04-05 00:00:00'),(986,223774,1,2.8,18.6,4.7,20.2,0,0,33,11.1,7217.3,7,'해로움 (민감 그룹)','2024-04-01 08:08:44','2024-04-01 08:08:44','2024-04-01 00:00:00'),(987,223774,8,8.7,21.7,7.7,22.2,0,0,37,5.6,363.4,2,'좋음','2024-04-01 08:08:44','2024-04-01 08:08:44','2024-04-02 00:00:00'),(988,223774,6,6.1,13.6,3.3,12.8,0,0,83,16.7,1283.5,4,'보통','2024-04-01 08:08:44','2024-04-01 08:08:44','2024-04-03 00:00:00'),(989,223774,4,4.5,14.2,6.5,17.9,0,0,57,13,5465,7,'해로움 (민감 그룹)','2024-04-01 08:08:44','2024-04-01 08:08:44','2024-04-04 00:00:00'),(990,223774,1,4.5,16.3,6.4,19.9,0,0,52,9.3,7407.9,7,'해로움 (민감 그룹)','2024-04-01 08:08:44','2024-04-01 08:08:44','2024-04-05 00:00:00'),(991,223692,1,8.7,19.2,7.8,21.5,0,0,36,11.1,7231.1,7,'해로움 (민감 그룹)','2024-04-01 08:08:44','2024-04-01 08:08:44','2024-04-01 00:00:00'),(992,223692,8,9.8,18.2,8,17.9,0,0,46,11.1,452.3,2,'좋음','2024-04-01 08:08:45','2024-04-01 08:08:45','2024-04-02 00:00:00'),(993,223692,6,8.4,12.9,5.8,12.8,0,0,84,14.8,1008.7,4,'보통','2024-04-01 08:08:45','2024-04-01 08:08:45','2024-04-03 00:00:00'),(994,223692,3,7.3,14.9,6.8,18.6,0,0,56,13,6047.1,7,'해로움 (민감 그룹)','2024-04-01 08:08:45','2024-04-01 08:08:45','2024-04-04 00:00:00'),(995,223692,1,7.2,16.2,7.2,21.8,0,0,51,5.6,7420.6,7,'해로움 (민감 그룹)','2024-04-01 08:08:45','2024-04-01 08:08:45','2024-04-05 00:00:00'),(996,223699,1,6.1,21.9,5.2,22.6,0,0,32,11.1,7286.9,7,'해로움 (민감 그룹)','2024-04-01 08:08:45','2024-04-01 08:08:45','2024-04-01 00:00:00'),(997,223699,12,12.5,23.6,10.7,23.5,0.6,0,36,7.4,599.5,2,'좋음','2024-04-01 08:08:45','2024-04-01 08:08:45','2024-04-02 00:00:00'),(998,223699,6,8.3,15.7,6.9,15,0,0,85,13,1034.9,3,'보통','2024-04-01 08:08:45','2024-04-01 08:08:45','2024-04-03 00:00:00'),(999,223699,3,7.5,16.6,9.8,20.8,0,0,57,9.3,7270.7,7,'해로움 (민감 그룹)','2024-04-01 08:08:46','2024-04-01 08:08:46','2024-04-04 00:00:00'),(1000,223699,1,5.5,18.6,7.7,23.9,0,0,49,3.7,7472.3,8,'건강에 해로움','2024-04-01 08:08:46','2024-04-01 08:08:46','2024-04-05 00:00:00'),(1001,223726,1,3.9,23,4.2,23.9,0,0,35,9.3,7283.9,7,'해로움 (민감 그룹)','2024-04-01 08:08:46','2024-04-01 08:08:46','2024-04-01 00:00:00'),(1002,223726,6,12.6,23.6,11.6,24.3,0,0,41,7.4,2023.1,4,'보통','2024-04-01 08:08:46','2024-04-01 08:08:46','2024-04-02 00:00:00'),(1003,223726,6,8.9,15.8,7.8,17.2,0,0,86,11.1,1073.7,4,'보통','2024-04-01 08:08:46','2024-04-01 08:08:46','2024-04-03 00:00:00'),(1004,223726,2,7,17.8,9.4,22.9,0,0,57,7.4,7338.3,7,'해로움 (민감 그룹)','2024-04-01 08:08:46','2024-04-01 08:08:46','2024-04-04 00:00:00'),(1005,223726,1,6.2,19.1,8.4,24.1,0,0,50,3.7,7469.5,8,'건강에 해로움','2024-04-01 08:08:46','2024-04-01 08:08:46','2024-04-05 00:00:00'),(1006,223756,1,3.3,22.3,2.3,23,0,0,32,9.3,7267.5,7,'해로움 (민감 그룹)','2024-04-01 08:08:47','2024-04-01 08:08:47','2024-04-01 00:00:00'),(1007,223756,8,12.5,23.4,10.7,23.7,0,0,39,9.3,1157.1,2,'좋음','2024-04-01 08:08:47','2024-04-01 08:08:47','2024-04-02 00:00:00'),(1008,223756,6,8.9,15.8,9.5,16.5,0,0,86,11.1,1356.1,4,'보통','2024-04-01 08:08:47','2024-04-01 08:08:47','2024-04-03 00:00:00'),(1009,223756,2,6.7,18,9.3,23,0,0,57,5.6,7322.9,7,'해로움 (민감 그룹)','2024-04-01 08:08:47','2024-04-01 08:08:47','2024-04-04 00:00:00'),(1010,223756,1,6.4,18.9,8.7,23.5,0,0,50,5.6,7454.7,7,'해로움 (민감 그룹)','2024-04-01 08:08:47','2024-04-01 08:08:47','2024-04-05 00:00:00'),(1011,2330417,1,4.4,22.3,4.1,23,0,0,28,11.1,7262.5,7,'해로움 (민감 그룹)','2024-04-01 08:08:47','2024-04-01 08:08:47','2024-04-01 00:00:00'),(1012,2330417,8,12.8,23.2,11.3,23,0,0,37,9.3,365.6,2,'좋음','2024-04-01 08:08:47','2024-04-01 08:08:47','2024-04-02 00:00:00'),(1013,2330417,8,9.1,16,9.7,16.5,0,0,85,11.1,1641.3,4,'보통','2024-04-01 08:08:47','2024-04-01 08:08:47','2024-04-03 00:00:00'),(1014,2330417,2,6.9,18.2,9.1,23.1,0,0,55,5.6,7331.5,7,'해로움 (민감 그룹)','2024-04-01 08:08:48','2024-04-01 08:08:48','2024-04-04 00:00:00'),(1015,2330417,1,6.2,19,8.4,23.6,0,0,47,5.6,7450.3,7,'해로움 (민감 그룹)','2024-04-01 08:08:48','2024-04-01 08:08:48','2024-04-05 00:00:00'),(1016,223691,1,2.8,19.6,2.9,21.5,0,0,33,9.3,7214.6,7,'해로움 (민감 그룹)','2024-04-01 08:08:48','2024-04-01 08:08:48','2024-04-01 00:00:00'),(1017,223691,8,10.8,22.6,8.6,22.1,0,0,36,7.4,641.7,2,'좋음','2024-04-01 08:08:48','2024-04-01 08:08:48','2024-04-02 00:00:00'),(1018,223691,8,8.2,15.9,7.4,15.4,0,0,84,14.8,374.8,2,'좋음','2024-04-01 08:08:48','2024-04-01 08:08:48','2024-04-03 00:00:00'),(1019,223691,4,5,17.4,7,21.9,0,0,56,7.4,6326.5,7,'해로움 (민감 그룹)','2024-04-01 08:08:48','2024-04-01 08:08:48','2024-04-04 00:00:00'),(1020,223691,1,5.5,18.1,7.7,21.8,0,0,54,7.4,7405.5,7,'해로움 (민감 그룹)','2024-04-01 08:08:48','2024-04-01 08:08:48','2024-04-05 00:00:00'),(1021,223694,1,3.5,16.5,3.4,18.9,0,0,32,11.1,7193.5,7,'해로움 (민감 그룹)','2024-04-01 08:08:49','2024-04-01 08:08:49','2024-04-01 00:00:00'),(1022,223694,8,8.3,21.2,7.7,21.6,0,0,31,3.7,362.2,2,'좋음','2024-04-01 08:08:49','2024-04-01 08:08:49','2024-04-02 00:00:00'),(1023,223694,8,4.4,14.1,2.9,13,0,0,85,13,364.7,2,'좋음','2024-04-01 08:08:49','2024-04-01 08:08:49','2024-04-03 00:00:00'),(1024,223694,4,2,14,3.2,20,0,0,54,7.4,5893.2,7,'해로움 (민감 그룹)','2024-04-01 08:08:49','2024-04-01 08:08:49','2024-04-04 00:00:00'),(1025,223694,1,4.3,15.4,5.6,18,0,0,54,9.3,7386.2,7,'해로움 (민감 그룹)','2024-04-01 08:08:49','2024-04-01 08:08:49','2024-04-05 00:00:00'),(1026,223690,1,8.9,17.4,6.5,20.3,0,0,45,13,7185.3,7,'해로움 (민감 그룹)','2024-04-01 08:08:49','2024-04-01 08:08:49','2024-04-01 00:00:00'),(1027,223690,8,9.6,15,5.4,13.4,0,0,59,14.8,1116,2,'좋음','2024-04-01 08:08:49','2024-04-01 08:08:49','2024-04-02 00:00:00'),(1028,223690,6,8.5,10.8,6.2,11.6,0,0,87,11.1,903,3,'보통','2024-04-01 08:08:49','2024-04-01 08:08:49','2024-04-03 00:00:00'),(1029,223690,4,7.5,13.4,5.9,15.8,0,0,57,14.8,5243.3,7,'해로움 (민감 그룹)','2024-04-01 08:08:49','2024-04-01 08:08:49','2024-04-04 00:00:00'),(1030,223690,1,9.9,15,8.6,20.6,0,0,52,3.7,7377.5,7,'해로움 (민감 그룹)','2024-04-01 08:08:49','2024-04-01 08:08:49','2024-04-05 00:00:00'),(1031,226438,1,9.1,13.1,4.9,15,0,0,45,18.5,7153.8,7,'해로움 (민감 그룹)','2024-04-01 08:08:50','2024-04-01 08:08:50','2024-04-01 00:00:00'),(1032,226438,4,11.8,13.3,7.8,11.3,0,0,73,31.5,5080.3,7,'해로움 (민감 그룹)','2024-04-01 08:08:50','2024-04-01 08:08:50','2024-04-02 00:00:00'),(1033,226438,6,7.9,12.9,6.2,15.1,0,0,89,14.8,5994.5,7,'해로움 (민감 그룹)','2024-04-01 08:08:50','2024-04-01 08:08:50','2024-04-03 00:00:00'),(1034,226438,4,7.8,10.1,5.3,10.9,0,0,58,16.7,5638.7,7,'해로움 (민감 그룹)','2024-04-01 08:08:50','2024-04-01 08:08:50','2024-04-04 00:00:00'),(1035,226438,1,8.9,11.1,6.2,14.1,0,0,55,11.1,7349.3,7,'해로움 (민감 그룹)','2024-04-01 08:08:50','2024-04-01 08:08:50','2024-04-05 00:00:00'),(1036,223791,1,3.5,21.4,3.8,23.3,0,0,38,11.1,7316.9,7,'해로움 (민감 그룹)','2024-04-01 08:08:50','2024-04-01 08:08:50','2024-04-01 00:00:00'),(1037,223791,6,13.7,22.5,12.6,24.6,0,0,43,7.4,575.8,3,'보통','2024-04-01 08:08:50','2024-04-01 08:08:50','2024-04-02 00:00:00'),(1038,223791,6,9.8,16.2,9.5,16.4,0,0,87,14.8,1084.4,4,'보통','2024-04-01 08:08:50','2024-04-01 08:08:50','2024-04-03 00:00:00'),(1039,223791,2,6.2,17.6,7.2,21.4,0,0,60,9.3,7421.6,8,'건강에 해로움','2024-04-01 08:08:50','2024-04-01 08:08:50','2024-04-04 00:00:00'),(1040,223791,2,6.1,18.8,7.4,23.8,0,0,49,3.7,7490.8,8,'건강에 해로움','2024-04-01 08:08:50','2024-04-01 08:08:50','2024-04-05 00:00:00'),(1041,223798,1,4.2,23.1,4.7,24.9,0,0,40,7.4,7320.3,7,'해로움 (민감 그룹)','2024-04-01 08:08:51','2024-04-01 08:08:51','2024-04-01 00:00:00'),(1042,223798,6,13.1,22.6,12.3,25.3,0,0,45,5.6,1733.3,4,'보통','2024-04-01 08:08:51','2024-04-01 08:08:51','2024-04-02 00:00:00'),(1043,223798,8,10.1,16.1,8.2,16.7,0,0,89,11.1,783.4,2,'좋음','2024-04-01 08:08:51','2024-04-01 08:08:51','2024-04-03 00:00:00'),(1044,223798,2,6.5,18.4,8.6,22.8,0,0,64,7.4,7355.7,8,'건강에 해로움','2024-04-01 08:08:51','2024-04-01 08:08:51','2024-04-04 00:00:00'),(1045,223798,2,7,18.7,8.2,23.9,0,0,53,3.7,7496.1,8,'건강에 해로움','2024-04-01 08:08:51','2024-04-01 08:08:51','2024-04-05 00:00:00'),(1046,223796,2,9.2,19.2,6.8,23.1,0,0,58,11.1,7339,7,'해로움 (민감 그룹)','2024-04-01 08:08:51','2024-04-01 08:08:51','2024-04-01 00:00:00'),(1047,223796,8,13.3,17.5,11.3,18.1,0,0,68,14.8,503.4,3,'보통','2024-04-01 08:08:51','2024-04-01 08:08:51','2024-04-02 00:00:00'),(1048,223796,6,11.1,15.4,7.5,14.4,0,0,86,25.9,3527.9,5,'보통','2024-04-01 08:08:51','2024-04-01 08:08:51','2024-04-03 00:00:00'),(1049,223796,2,10.4,16,10.1,16.2,0,0,67,18.5,7451.9,8,'건강에 해로움','2024-04-01 08:08:52','2024-04-01 08:08:52','2024-04-04 00:00:00'),(1050,223796,2,9.5,16,9.6,20.9,0,0,56,7.4,7519.5,8,'건강에 해로움','2024-04-01 08:08:52','2024-04-01 08:08:52','2024-04-05 00:00:00'),(1051,223795,1,7,18.9,5.3,22.6,0,0,49,9.3,7337.5,7,'해로움 (민감 그룹)','2024-04-01 08:08:52','2024-04-01 08:08:52','2024-04-01 00:00:00'),(1052,223795,8,13,18.9,11.4,20.5,0,0,61,11.1,980.6,3,'보통','2024-04-01 08:08:52','2024-04-01 08:08:52','2024-04-02 00:00:00'),(1053,223795,6,10.6,15.6,8.2,15.8,0,0,87,14.8,879.3,4,'보통','2024-04-01 08:08:52','2024-04-01 08:08:52','2024-04-03 00:00:00'),(1054,223795,2,7.6,16.9,9,21,0,0,70,11.1,7448.3,8,'건강에 해로움','2024-04-01 08:08:52','2024-04-01 08:08:52','2024-04-04 00:00:00'),(1055,223795,3,8.1,16.8,9.3,22,0,0,57,5.6,7372.8,8,'건강에 해로움','2024-04-01 08:08:52','2024-04-01 08:08:52','2024-04-05 00:00:00'),(1056,223799,1,3.2,22.2,3.2,22.7,0,0,37,13,7313,7,'해로움 (민감 그룹)','2024-04-01 08:08:53','2024-04-01 08:08:53','2024-04-01 00:00:00'),(1057,223799,8,13.7,23,13,24.9,0,0,42,7.4,1352.5,3,'보통','2024-04-01 08:08:53','2024-04-01 08:08:53','2024-04-02 00:00:00'),(1058,223799,6,9.5,16.3,10,16.6,0,0,87,14.8,1135.4,4,'보통','2024-04-01 08:08:53','2024-04-01 08:08:53','2024-04-03 00:00:00'),(1059,223799,2,5.8,17.7,6.9,22,0,0,58,7.4,7401.9,8,'건강에 해로움','2024-04-01 08:08:53','2024-04-01 08:08:53','2024-04-04 00:00:00'),(1060,223799,2,5.8,19,7.4,24,0,0,49,3.7,7491.1,8,'건강에 해로움','2024-04-01 08:08:53','2024-04-01 08:08:53','2024-04-05 00:00:00'),(1061,223793,1,2.5,23.1,2.2,23.4,0,0,34,11.1,7298.4,7,'해로움 (민감 그룹)','2024-04-01 08:08:53','2024-04-01 08:08:53','2024-04-01 00:00:00'),(1062,223793,6,13.3,24,12.7,25.6,0,0,38,7.4,2623.8,5,'보통','2024-04-01 08:08:53','2024-04-01 08:08:53','2024-04-02 00:00:00'),(1063,223793,6,8.6,16.5,9.2,17.4,0,0,88,11.1,957.9,4,'보통','2024-04-01 08:08:54','2024-04-01 08:08:54','2024-04-03 00:00:00'),(1064,223793,4,7.4,18.2,9.4,23.3,0,0,57,5.6,6882.9,7,'해로움 (민감 그룹)','2024-04-01 08:08:54','2024-04-01 08:08:54','2024-04-04 00:00:00'),(1065,223793,1,5.9,19.9,7.1,24.7,0,0,48,1.9,7482.8,8,'건강에 해로움','2024-04-01 08:08:54','2024-04-01 08:08:54','2024-04-05 00:00:00'),(1066,223797,1,8.1,19.3,6.4,22.9,0,0,51,11.1,7340.2,7,'해로움 (민감 그룹)','2024-04-01 08:08:54','2024-04-01 08:08:54','2024-04-01 00:00:00'),(1067,223797,6,13.3,18.9,11.2,19.6,0,0,63,11.1,442.3,3,'보통','2024-04-01 08:08:54','2024-04-01 08:08:54','2024-04-02 00:00:00'),(1068,223797,7,10.5,15.4,7.5,14.5,0,0,86,22.2,3093.3,5,'보통','2024-04-01 08:08:54','2024-04-01 08:08:54','2024-04-03 00:00:00'),(1069,223797,2,9.7,15.8,9.4,16.8,0,0,64,18.5,7437.6,8,'건강에 해로움','2024-04-01 08:08:54','2024-04-01 08:08:54','2024-04-04 00:00:00'),(1070,223797,2,8.2,15.7,8.7,21.6,0,0,53,3.7,7520.8,8,'건강에 해로움','2024-04-01 08:08:54','2024-04-01 08:08:54','2024-04-05 00:00:00'),(1071,223801,1,5.9,21.3,6.5,22.9,0,0,36,13,7311.3,7,'해로움 (민감 그룹)','2024-04-01 08:08:55','2024-04-01 08:08:55','2024-04-01 00:00:00'),(1072,223801,4,14.1,23.8,12.3,27.5,0,0,36,7.4,4757.6,7,'해로움 (민감 그룹)','2024-04-01 08:08:55','2024-04-01 08:08:55','2024-04-02 00:00:00'),(1073,223801,8,9.4,16.5,6.3,15.5,0,0,85,20.4,1306.2,4,'보통','2024-04-01 08:08:55','2024-04-01 08:08:55','2024-04-03 00:00:00'),(1074,223801,2,7.5,17.3,9,19.3,0,0,55,16.7,7369.3,8,'건강에 해로움','2024-04-01 08:08:55','2024-04-01 08:08:55','2024-04-04 00:00:00'),(1075,223801,2,6.7,18.7,7.1,23.7,0,0,46,3.7,7493.8,8,'건강에 해로움','2024-04-01 08:08:55','2024-04-01 08:08:55','2024-04-05 00:00:00'),(1076,223851,1,3.4,21.3,4,23.2,0,0,38,11.1,7309.5,7,'해로움 (민감 그룹)','2024-04-01 08:08:55','2024-04-01 08:08:55','2024-04-01 00:00:00'),(1077,223851,6,12.6,22.9,12.2,25,0,0,44,3.7,1950.6,4,'보통','2024-04-01 08:08:55','2024-04-01 08:08:55','2024-04-02 00:00:00'),(1078,223851,7,8.8,15.8,7.3,17,0,0,89,11.1,1715.8,3,'보통','2024-04-01 08:08:55','2024-04-01 08:08:55','2024-04-03 00:00:00'),(1079,223851,2,6.1,17.9,8.5,22.6,0,0,63,7.4,7312.8,8,'건강에 해로움','2024-04-01 08:08:56','2024-04-01 08:08:56','2024-04-04 00:00:00'),(1080,223851,2,6.1,19.3,7.4,24.4,0,0,52,1.9,7483.6,8,'건강에 해로움','2024-04-01 08:08:56','2024-04-01 08:08:56','2024-04-05 00:00:00'),(1081,223820,1,3.5,23,3.9,23.7,0,0,39,11.1,7312,7,'해로움 (민감 그룹)','2024-04-01 08:08:56','2024-04-01 08:08:56','2024-04-01 00:00:00'),(1082,223820,8,13.3,23,13,24.2,0,0,48,7.4,934.3,2,'좋음','2024-04-01 08:08:56','2024-04-01 08:08:56','2024-04-02 00:00:00'),(1083,223820,6,9.5,16.4,9,17.7,0,0,89,11.1,1088.3,4,'보통','2024-04-01 08:08:56','2024-04-01 08:08:56','2024-04-03 00:00:00'),(1084,223820,2,6.4,18.4,8.6,22.7,0,0,62,7.4,7422.5,8,'건강에 해로움','2024-04-01 08:08:56','2024-04-01 08:08:56','2024-04-04 00:00:00'),(1085,223820,2,5.6,19.5,6.6,24.4,0,0,51,1.9,7485,8,'건강에 해로움','2024-04-01 08:08:56','2024-04-01 08:08:56','2024-04-05 00:00:00'),(1086,223802,1,2.7,23.6,3.4,23.4,0,0,36,11.1,7304.5,7,'해로움 (민감 그룹)','2024-04-01 08:08:57','2024-04-01 08:08:57','2024-04-01 00:00:00'),(1087,223802,6,13.2,23.1,12.9,24.3,0,0,44,7.4,2279.5,4,'보통','2024-04-01 08:08:57','2024-04-01 08:08:57','2024-04-02 00:00:00'),(1088,223802,6,9,16.4,8.9,16.8,0,0,88,13,656.5,4,'보통','2024-04-01 08:08:57','2024-04-01 08:08:57','2024-04-03 00:00:00'),(1089,223802,2,7,18.2,9.3,22.9,0,0,58,5.6,7332.8,8,'건강에 해로움','2024-04-01 08:08:57','2024-04-01 08:08:57','2024-04-04 00:00:00'),(1090,223802,2,5.7,19.7,6.8,24.2,0,0,49,1.9,7483.2,8,'건강에 해로움','2024-04-01 08:08:57','2024-04-01 08:08:57','2024-04-05 00:00:00'),(1091,223810,1,6.5,21.1,5.7,23.2,0,0,47,9.3,7333.2,7,'해로움 (민감 그룹)','2024-04-01 08:08:58','2024-04-01 08:08:58','2024-04-01 00:00:00'),(1092,223810,8,13.2,20.8,12.2,22.8,0,0,55,7.4,980.1,3,'보통','2024-04-01 08:08:58','2024-04-01 08:08:58','2024-04-02 00:00:00'),(1093,223810,6,10.1,15.8,7.9,15.6,0,0,88,16.7,1047.9,4,'보통','2024-04-01 08:08:58','2024-04-01 08:08:58','2024-04-03 00:00:00'),(1094,223810,2,6.6,17.9,8.1,20.4,0,0,67,13,7399.1,8,'건강에 해로움','2024-04-01 08:08:58','2024-04-01 08:08:58','2024-04-04 00:00:00'),(1095,223810,2,6.9,17.7,8.3,23.7,0,0,55,5.6,7508.3,8,'건강에 해로움','2024-04-01 08:08:58','2024-04-01 08:08:58','2024-04-05 00:00:00'),(1096,223858,1,8,20.7,6.6,23.5,0,0,50,9.3,7345.2,7,'해로움 (민감 그룹)','2024-04-01 08:08:59','2024-04-01 08:08:59','2024-04-01 00:00:00'),(1097,223858,7,13.1,18.5,10.7,19.5,0,0,65,11.1,990.2,3,'보통','2024-04-01 08:08:59','2024-04-01 08:08:59','2024-04-02 00:00:00'),(1098,223858,6,11.2,15.4,8,15.3,0,0,86,16.7,1353.8,4,'보통','2024-04-01 08:08:59','2024-04-01 08:08:59','2024-04-03 00:00:00'),(1099,223858,2,8.9,15.8,10.2,18.8,0,0,72,13,7379.9,8,'건강에 해로움','2024-04-01 08:08:59','2024-04-01 08:08:59','2024-04-04 00:00:00'),(1100,223858,2,9.3,16.7,9.9,21,0,0,57,5.6,7400.5,8,'건강에 해로움','2024-04-01 08:08:59','2024-04-01 08:08:59','2024-04-05 00:00:00'),(1101,223803,1,5,23.6,5.6,23.8,0,0,36,9.3,7328.5,7,'해로움 (민감 그룹)','2024-04-01 08:08:59','2024-04-01 08:08:59','2024-04-01 00:00:00'),(1102,223803,6,13.1,23.4,12.3,26.1,0,0,40,7.4,3223.1,5,'보통','2024-04-01 08:08:59','2024-04-01 08:08:59','2024-04-02 00:00:00'),(1103,223803,8,10.4,16.5,8.1,16.1,0,0,86,13,655.7,2,'좋음','2024-04-01 08:09:00','2024-04-01 08:09:00','2024-04-03 00:00:00'),(1104,223803,2,6,17.7,8.3,22.1,0,0,71,9.3,7443.8,8,'건강에 해로움','2024-04-01 08:09:00','2024-04-01 08:09:00','2024-04-04 00:00:00'),(1105,223803,2,7.8,18.7,8.5,23.9,0,0,55,3.7,7501.2,8,'건강에 해로움','2024-04-01 08:09:00','2024-04-01 08:09:00','2024-04-05 00:00:00'),(1106,223805,1,5.7,20.5,5.1,23.6,0,0,41,9.3,7303.9,7,'해로움 (민감 그룹)','2024-04-01 08:09:00','2024-04-01 08:09:00','2024-04-01 00:00:00'),(1107,223805,6,12,22.6,10.7,23.8,0,0,44,7.4,1056.1,4,'보통','2024-04-01 08:09:00','2024-04-01 08:09:00','2024-04-02 00:00:00'),(1108,223805,6,8.5,15.6,9.3,17.9,0,0,87,7.4,1231.4,3,'보통','2024-04-01 08:09:00','2024-04-01 08:09:00','2024-04-03 00:00:00'),(1109,223805,2,6.8,15.8,9.5,21.3,0,0,73,5.6,7400.7,8,'건강에 해로움','2024-04-01 08:09:00','2024-04-01 08:09:00','2024-04-04 00:00:00'),(1110,223805,2,6.3,17.9,7.8,22.9,0,0,59,0,7480.6,8,'건강에 해로움','2024-04-01 08:09:00','2024-04-01 08:09:00','2024-04-05 00:00:00'),(1111,223808,1,5.2,20.5,5.8,23.7,0,0,42,7.4,7297,7,'해로움 (민감 그룹)','2024-04-01 08:09:00','2024-04-01 08:09:00','2024-04-01 00:00:00'),(1112,223808,6,12.1,23.9,10.3,25,0,0,45,5.6,1067.8,3,'보통','2024-04-01 08:09:01','2024-04-01 08:09:01','2024-04-02 00:00:00'),(1113,223808,6,8.7,16.1,9.4,16.9,0,0,85,9.3,553.9,3,'보통','2024-04-01 08:09:01','2024-04-01 08:09:01','2024-04-03 00:00:00'),(1114,223808,2,6.3,15.9,8.6,22,0,0,73,5.6,7362.6,8,'건강에 해로움','2024-04-01 08:09:01','2024-04-01 08:09:01','2024-04-04 00:00:00'),(1115,223808,2,6,18.6,8.3,23.1,0,0,58,3.7,7468.5,8,'건강에 해로움','2024-04-01 08:09:01','2024-04-01 08:09:01','2024-04-05 00:00:00'),(1116,223804,1,3.4,22.9,4.4,25.3,0,0,39,7.4,7285.7,7,'해로움 (민감 그룹)','2024-04-01 08:09:01','2024-04-01 08:09:01','2024-04-01 00:00:00'),(1117,223804,6,10.9,21.7,10.2,23,0,0,48,5.6,1934.5,4,'보통','2024-04-01 08:09:01','2024-04-01 08:09:01','2024-04-02 00:00:00'),(1118,223804,6,7.2,14.4,7.8,16.9,0,0,88,7.4,417.6,3,'보통','2024-04-01 08:09:01','2024-04-01 08:09:01','2024-04-03 00:00:00'),(1119,223804,2,5.7,15.4,8.4,21.6,0,0,72,5.6,7319.9,8,'건강에 해로움','2024-04-01 08:09:01','2024-04-01 08:09:01','2024-04-04 00:00:00'),(1120,223804,1,6.3,18.7,7.7,23.1,0,0,58,3.7,7471.1,8,'건강에 해로움','2024-04-01 08:09:01','2024-04-01 08:09:01','2024-04-05 00:00:00'),(1121,223821,1,3.9,22,4.9,23.3,0,0,36,7.4,7293.2,7,'해로움 (민감 그룹)','2024-04-01 08:09:02','2024-04-01 08:09:02','2024-04-01 00:00:00'),(1122,223821,12,12.6,24.2,11.5,25.4,0.3,0,41,3.7,1907.2,4,'보통','2024-04-01 08:09:02','2024-04-01 08:09:02','2024-04-02 00:00:00'),(1123,223821,6,8.6,15.9,7.7,17.8,0,0,89,9.3,907.4,4,'보통','2024-04-01 08:09:02','2024-04-01 08:09:02','2024-04-03 00:00:00'),(1124,223821,3,7,18.3,9.3,23.4,0,0,62,5.6,7172,7,'해로움 (민감 그룹)','2024-04-01 08:09:02','2024-04-01 08:09:02','2024-04-04 00:00:00'),(1125,223821,2,6.8,19.7,7.9,24.4,0,0,53,1.9,7475.2,8,'건강에 해로움','2024-04-01 08:09:02','2024-04-01 08:09:02','2024-04-05 00:00:00'),(1126,224209,2,11.5,20,9.5,23.5,0,0,49,9.3,7423.6,8,'건강에 해로움','2024-04-01 08:09:03','2024-04-01 08:09:03','2024-04-01 00:00:00'),(1127,224209,8,14.6,19.9,14.1,20.5,0,0,72,13,1382.8,4,'보통','2024-04-01 08:09:03','2024-04-01 08:09:03','2024-04-02 00:00:00'),(1128,224209,8,12.8,18.9,8.3,17.1,0,0,93,27.8,956.1,2,'좋음','2024-04-01 08:09:03','2024-04-01 08:09:03','2024-04-03 00:00:00'),(1129,224209,4,11.9,16.3,10.5,16.2,0,0,76,25.9,4510.6,7,'해로움 (민감 그룹)','2024-04-01 08:09:03','2024-04-01 08:09:03','2024-04-04 00:00:00'),(1130,224209,4,11,17,10,21.3,0,0,62,9.3,6357.8,8,'건강에 해로움','2024-04-01 08:09:03','2024-04-01 08:09:03','2024-04-05 00:00:00'),(1131,224210,1,9.5,20.7,7.3,24.1,0,0,63,5.6,7450.4,8,'건강에 해로움','2024-04-01 08:09:04','2024-04-01 08:09:04','2024-04-01 00:00:00'),(1132,224210,4,14.4,19.1,12.4,20.9,0,0,84,14.8,2747.5,5,'보통','2024-04-01 08:09:04','2024-04-01 08:09:04','2024-04-02 00:00:00'),(1133,224210,7,13.3,17.5,9.5,15.5,0,0,97,24.1,1801.8,2,'좋음','2024-04-01 08:09:04','2024-04-01 08:09:04','2024-04-03 00:00:00'),(1134,224210,6,12,16.7,12.8,17.5,0,0,74,20.4,4274.8,6,'해로움 (민감 그룹)','2024-04-01 08:09:04','2024-04-01 08:09:04','2024-04-04 00:00:00'),(1135,224210,4,11.3,17.8,11.3,23,0,0,62,7.4,5282.9,8,'건강에 해로움','2024-04-01 08:09:04','2024-04-01 08:09:04','2024-04-05 00:00:00'),(1136,226003,6,6.6,19.5,8.6,23.4,0,0,51,5.6,5140.6,7,'해로움 (민감 그룹)','2024-04-01 23:40:01','2024-04-01 23:40:01','2024-04-06 00:00:00'),(1137,226007,6,7.4,19.7,9.6,23.6,0,0,52,5.6,5163.9,7,'해로움 (민감 그룹)','2024-04-01 23:40:02','2024-04-01 23:40:02','2024-04-06 00:00:00'),(1138,226008,6,6.7,18.9,8.5,23,0,0,53,5.6,5191.5,7,'해로움 (민감 그룹)','2024-04-01 23:40:02','2024-04-01 23:40:02','2024-04-06 00:00:00'),(1139,226005,6,7.4,19.7,9.6,23.6,0,0,52,5.6,5163.9,7,'해로움 (민감 그룹)','2024-04-01 23:40:03','2024-04-01 23:40:03','2024-04-06 00:00:00'),(1140,2330439,6,6.7,19.8,8.9,23.7,0,0,52,5.6,5165.2,7,'해로움 (민감 그룹)','2024-04-01 23:40:03','2024-04-01 23:40:03','2024-04-06 00:00:00'),(1141,226004,6,6.6,19.5,8.6,23.4,0,0,51,5.6,5140.6,7,'해로움 (민감 그룹)','2024-04-01 23:40:04','2024-04-01 23:40:04','2024-04-06 00:00:00'),(1142,2330440,6,6.8,19.9,9,23.8,0,0,51,5.6,5137.9,7,'해로움 (민감 그룹)','2024-04-01 23:40:04','2024-04-01 23:40:04','2024-04-06 00:00:00'),(1143,2330443,6,6.6,19.5,8.6,23.4,0,0,51,5.6,5140.6,7,'해로움 (민감 그룹)','2024-04-01 23:40:05','2024-04-01 23:40:05','2024-04-06 00:00:00'),(1144,2330434,6,6.6,19.8,8.4,23.6,0,0,51,5.6,5116.2,7,'해로움 (민감 그룹)','2024-04-01 23:40:05','2024-04-01 23:40:05','2024-04-06 00:00:00'),(1145,2330432,6,6.6,19.8,8.4,23.6,0,0,51,5.6,5116.2,7,'해로움 (민감 그룹)','2024-04-01 23:40:05','2024-04-01 23:40:05','2024-04-06 00:00:00'),(1146,2330441,6,6.2,20.1,8.4,23.1,0,0,51,5.6,5113.6,7,'해로움 (민감 그룹)','2024-04-01 23:40:06','2024-04-01 23:40:06','2024-04-06 00:00:00'),(1147,226080,6,6.8,18.9,8.5,23,0,0,53,5.6,5162.8,7,'해로움 (민감 그룹)','2024-04-01 23:40:06','2024-04-01 23:40:06','2024-04-06 00:00:00'),(1148,226002,6,6.8,19.2,8.6,23.2,0,0,53,5.6,5151.4,7,'해로움 (민감 그룹)','2024-04-01 23:40:07','2024-04-01 23:40:07','2024-04-06 00:00:00'),(1149,226010,6,6.9,19.2,8.6,23.3,0,0,53,5.6,5164.2,7,'해로움 (민감 그룹)','2024-04-01 23:40:07','2024-04-01 23:40:07','2024-04-06 00:00:00'),(1150,1830319,6,6.8,18.4,8.1,22.8,0,0,55,5.6,5195,7,'해로움 (민감 그룹)','2024-04-01 23:40:08','2024-04-01 23:40:08','2024-04-06 00:00:00'),(1151,2330435,6,6.7,19.2,8.3,23.2,0,0,55,5.6,5163.1,7,'해로움 (민감 그룹)','2024-04-01 23:40:08','2024-04-01 23:40:08','2024-04-06 00:00:00'),(1152,2330437,6,6.9,18.4,8.2,22.7,0,0,55,5.6,5195.9,7,'해로움 (민감 그룹)','2024-04-01 23:40:09','2024-04-01 23:40:09','2024-04-06 00:00:00'),(1153,2330436,6,7,18.7,8.3,22.9,0,0,55,5.6,5196.4,7,'해로움 (민감 그룹)','2024-04-01 23:40:09','2024-04-01 23:40:09','2024-04-06 00:00:00'),(1154,226009,6,6.9,18.9,8.3,23.1,0,0,54,5.6,5195,7,'해로움 (민감 그룹)','2024-04-01 23:40:09','2024-04-01 23:40:09','2024-04-06 00:00:00'),(1155,2330433,6,7.1,19.2,8.7,23.3,0,0,53,5.6,5194.7,7,'해로움 (민감 그룹)','2024-04-01 23:40:10','2024-04-01 23:40:10','2024-04-06 00:00:00'),(1156,2330438,6,6.9,18.1,8.3,22.2,0,0,55,5.6,5197,7,'해로움 (민감 그룹)','2024-04-01 23:40:10','2024-04-01 23:40:10','2024-04-06 00:00:00'),(1157,2330442,6,7.1,19.2,8.7,23.3,0,0,53,5.6,5194.7,7,'해로움 (민감 그룹)','2024-04-01 23:40:11','2024-04-01 23:40:11','2024-04-06 00:00:00'),(1158,226001,6,7.3,19.8,9.6,23.7,0,0,52,5.6,5192.6,7,'해로움 (민감 그룹)','2024-04-01 23:40:11','2024-04-01 23:40:11','2024-04-06 00:00:00'),(1159,2330444,6,6.5,19.7,8.8,23.6,0,0,52,3.7,5168.5,7,'해로움 (민감 그룹)','2024-04-01 23:40:11','2024-04-01 23:40:11','2024-04-06 00:00:00'),(1160,226006,6,6.4,20,9,23.6,0,0,52,3.7,5142.7,7,'해로움 (민감 그룹)','2024-04-01 23:40:12','2024-04-01 23:40:12','2024-04-06 00:00:00'),(1161,2330370,3,10.7,17.7,9.9,22.7,0,0,51,5.6,7311.6,8,'건강에 해로움','2024-04-01 23:40:12','2024-04-01 23:40:12','2024-04-06 00:00:00'),(1162,222854,3,10.7,17.7,9.9,22.7,0,0,51,5.6,7311.6,8,'건강에 해로움','2024-04-01 23:40:13','2024-04-01 23:40:13','2024-04-06 00:00:00'),(1163,2330369,2,10.9,17.9,9.8,22.8,0,0,51,7.4,7393.6,8,'건강에 해로움','2024-04-01 23:40:13','2024-04-01 23:40:13','2024-04-06 00:00:00'),(1164,222848,3,11.2,17.2,9.8,22.2,0,0,52,7.4,7283.4,8,'건강에 해로움','2024-04-01 23:40:14','2024-04-01 23:40:14','2024-04-06 00:00:00'),(1165,222852,2,9.9,18.1,9.8,23,0,0,50,5.6,7419.8,8,'건강에 해로움','2024-04-01 23:40:14','2024-04-01 23:40:14','2024-04-06 00:00:00'),(1166,222878,2,9.6,19.1,9.8,23.9,0,0,48,5.6,7511.1,8,'건강에 해로움','2024-04-01 23:40:14','2024-04-01 23:40:14','2024-04-06 00:00:00'),(1167,222883,2,10.9,17.9,9.8,22.8,0,0,51,7.4,7393.6,8,'건강에 해로움','2024-04-01 23:40:15','2024-04-01 23:40:15','2024-04-06 00:00:00'),(1168,222850,2,9.3,19.6,9.8,24.3,0,0,49,3.7,7493,8,'건강에 해로움','2024-04-01 23:40:15','2024-04-01 23:40:15','2024-04-06 00:00:00'),(1169,222857,2,10.8,18.4,10.1,23.4,0,0,49,7.4,7504.4,8,'건강에 해로움','2024-04-01 23:40:16','2024-04-01 23:40:16','2024-04-06 00:00:00'),(1170,222855,3,10.9,17,10.2,22,0,0,52,5.6,7242.1,8,'건강에 해로움','2024-04-01 23:40:16','2024-04-01 23:40:16','2024-04-06 00:00:00'),(1171,222849,2,9.6,19.1,9.8,23.9,0,0,48,5.6,7511.1,8,'건강에 해로움','2024-04-01 23:40:16','2024-04-01 23:40:16','2024-04-06 00:00:00'),(1172,222858,2,9.3,19.6,9.8,24.3,0,0,49,3.7,7493,8,'건강에 해로움','2024-04-01 23:40:17','2024-04-01 23:40:17','2024-04-06 00:00:00'),(1173,2330371,2,9.9,19.1,9.5,23.9,0,0,49,5.6,7481.5,8,'건강에 해로움','2024-04-01 23:40:17','2024-04-01 23:40:17','2024-04-06 00:00:00'),(1174,222856,2,9.9,19.1,9.5,23.9,0,0,49,5.6,7481.5,8,'건강에 해로움','2024-04-01 23:40:17','2024-04-01 23:40:17','2024-04-06 00:00:00'),(1175,222851,2,9.9,18.1,9.8,23,0,0,50,5.6,7419.8,8,'건강에 해로움','2024-04-01 23:40:18','2024-04-01 23:40:18','2024-04-06 00:00:00'),(1176,222862,2,10.8,18.8,10.4,23.7,0,0,50,5.6,7533.2,8,'건강에 해로움','2024-04-01 23:40:18','2024-04-01 23:40:18','2024-04-06 00:00:00'),(1177,2330384,3,8.3,20.9,10.2,24.4,0,0,46,3.7,6993.6,8,'건강에 해로움','2024-04-01 23:40:19','2024-04-01 23:40:19','2024-04-06 00:00:00'),(1178,223346,3,8.5,20.9,10.4,24.4,0,0,45,3.7,7096.3,8,'건강에 해로움','2024-04-01 23:40:19','2024-04-01 23:40:19','2024-04-06 00:00:00'),(1179,2330386,3,8.3,20.9,10.2,24.4,0,0,46,3.7,6993.6,8,'건강에 해로움','2024-04-01 23:40:20','2024-04-01 23:40:20','2024-04-06 00:00:00'),(1180,2330385,3,8.3,20.9,10.2,24.4,0,0,46,3.7,6993.6,8,'건강에 해로움','2024-04-01 23:40:20','2024-04-01 23:40:20','2024-04-06 00:00:00'),(1181,2330381,3,8.6,21.3,10.6,24.6,0,0,45,3.7,7061.7,8,'건강에 해로움','2024-04-01 23:40:21','2024-04-01 23:40:21','2024-04-06 00:00:00'),(1182,2330387,3,8.3,20.9,10.2,24.4,0,0,46,3.7,6993.6,8,'건강에 해로움','2024-04-01 23:40:21','2024-04-01 23:40:21','2024-04-06 00:00:00'),(1183,2330382,3,8.3,20.9,10.2,24.4,0,0,46,3.7,6993.6,8,'건강에 해로움','2024-04-01 23:40:22','2024-04-01 23:40:22','2024-04-06 00:00:00'),(1184,2330383,4,7.7,20.9,9,24.2,0,0,52,3.7,6154.1,8,'건강에 해로움','2024-04-01 23:40:22','2024-04-01 23:40:22','2024-04-06 00:00:00'),(1185,2330424,6,7.6,15.1,8.7,19.6,0,0,67,7.4,5170.2,7,'해로움 (민감 그룹)','2024-04-01 23:40:22','2024-04-01 23:40:22','2024-04-06 00:00:00'),(1186,2330423,6,7.6,15.1,8.7,19.6,0,0,67,7.4,5170.2,7,'해로움 (민감 그룹)','2024-04-01 23:40:23','2024-04-01 23:40:23','2024-04-06 00:00:00'),(1187,224030,6,7.9,15.1,8.8,19.4,0,0,68,7.4,5160.2,7,'해로움 (민감 그룹)','2024-04-01 23:40:23','2024-04-01 23:40:23','2024-04-06 00:00:00'),(1188,2330427,6,7.9,15.1,8.8,19.4,0,0,68,7.4,5160.2,7,'해로움 (민감 그룹)','2024-04-01 23:40:24','2024-04-01 23:40:24','2024-04-06 00:00:00'),(1189,2330425,6,7.1,17.2,8.5,21.3,0,0,60,7.4,5196.1,7,'해로움 (민감 그룹)','2024-04-01 23:40:24','2024-04-01 23:40:24','2024-04-06 00:00:00'),(1190,2330422,6,7.1,17.2,8.5,21.3,0,0,60,7.4,5196.1,7,'해로움 (민감 그룹)','2024-04-01 23:40:24','2024-04-01 23:40:24','2024-04-06 00:00:00'),(1191,1830087,6,7.1,16.1,8.7,20.5,0,0,63,7.4,5166.4,7,'해로움 (민감 그룹)','2024-04-01 23:40:25','2024-04-01 23:40:25','2024-04-06 00:00:00'),(1192,2330426,6,7.1,16.1,8.7,20.5,0,0,63,7.4,5166.4,7,'해로움 (민감 그룹)','2024-04-01 23:40:25','2024-04-01 23:40:25','2024-04-06 00:00:00'),(1193,224031,6,6.8,16.2,7.7,21.2,0,0,59,5.6,5085.6,7,'해로움 (민감 그룹)','2024-04-01 23:40:26','2024-04-01 23:40:26','2024-04-06 00:00:00'),(1194,3353997,6,9.4,12.2,7.8,16.4,0,0,75,7.4,2338.7,4,'보통','2024-04-01 23:40:26','2024-04-01 23:40:26','2024-04-06 00:00:00'),(1195,2330394,4,6.3,21.4,6.5,23.3,0,0,57,3.7,5376.4,7,'해로움 (민감 그룹)','2024-04-01 23:40:26','2024-04-01 23:40:26','2024-04-06 00:00:00'),(1196,2330397,6,6.3,22.1,6.6,23.5,0,0,57,1.9,4554.6,6,'해로움 (민감 그룹)','2024-04-01 23:40:27','2024-04-01 23:40:27','2024-04-06 00:00:00'),(1197,2330396,6,6.3,22.1,6.6,23.5,0,0,57,1.9,4554.6,6,'해로움 (민감 그룹)','2024-04-01 23:40:27','2024-04-01 23:40:27','2024-04-06 00:00:00'),(1198,2330393,6,6.3,22.1,6.6,23.5,0,0,57,1.9,4554.6,6,'해로움 (민감 그룹)','2024-04-01 23:40:28','2024-04-01 23:40:28','2024-04-06 00:00:00'),(1199,2330395,4,6,22.1,6.4,23.4,0,0,57,3.7,4767.1,7,'해로움 (민감 그룹)','2024-04-01 23:40:28','2024-04-01 23:40:28','2024-04-06 00:00:00'),(1200,2330389,4,7.1,21,8.9,23.1,0,0,55,3.7,4411.6,6,'해로움 (민감 그룹)','2024-04-01 23:40:29','2024-04-01 23:40:29','2024-04-06 00:00:00'),(1201,2330390,4,7.1,21,8.9,23.1,0,0,55,3.7,4411.6,6,'해로움 (민감 그룹)','2024-04-01 23:40:29','2024-04-01 23:40:29','2024-04-06 00:00:00'),(1202,2330391,4,7.3,21.1,9,23.3,0,0,54,3.7,4509.7,6,'해로움 (민감 그룹)','2024-04-01 23:40:30','2024-04-01 23:40:30','2024-04-06 00:00:00'),(1203,1315057,6,7.2,21.3,8.6,23.6,0,0,54,3.7,4857,7,'해로움 (민감 그룹)','2024-04-01 23:40:30','2024-04-01 23:40:30','2024-04-06 00:00:00'),(1204,2330388,6,7.2,21.3,8.6,23.6,0,0,54,3.7,4857,7,'해로움 (민감 그룹)','2024-04-01 23:40:30','2024-04-01 23:40:30','2024-04-06 00:00:00'),(1205,2330445,3,9.1,20.2,10.2,24.4,0,0,49,5.6,7266,8,'건강에 해로움','2024-04-01 23:40:31','2024-04-01 23:40:31','2024-04-06 00:00:00'),(1206,2330446,3,9.1,20.2,10.2,24.4,0,0,49,5.6,7266,8,'건강에 해로움','2024-04-01 23:40:31','2024-04-01 23:40:31','2024-04-06 00:00:00'),(1207,226448,5,10.6,17.7,10.9,22.8,0,0,53,5.6,7388.8,8,'건강에 해로움','2024-04-01 23:40:32','2024-04-01 23:40:32','2024-04-06 00:00:00'),(1208,226439,3,9.1,20.2,10.2,24.4,0,0,49,5.6,7266,8,'건강에 해로움','2024-04-01 23:40:32','2024-04-01 23:40:32','2024-04-06 00:00:00'),(1209,2330447,3,8.8,20.2,10.1,24.5,0,0,49,5.6,6931.6,8,'건강에 해로움','2024-04-01 23:40:33','2024-04-01 23:40:33','2024-04-06 00:00:00'),(1210,2330368,6,6.2,21,7.5,23.4,0,0,57,3.7,5114.7,7,'해로움 (민감 그룹)','2024-04-01 23:40:33','2024-04-01 23:40:33','2024-04-06 00:00:00'),(1211,223670,6,6.2,18.2,7.5,22.4,0,0,56,5.6,5206.2,7,'해로움 (민감 그룹)','2024-04-01 23:40:33','2024-04-01 23:40:33','2024-04-06 00:00:00'),(1212,223672,6,7.8,19.3,9,23.4,0,0,43,5.6,5195.3,7,'해로움 (민감 그룹)','2024-04-01 23:40:34','2024-04-01 23:40:34','2024-04-06 00:00:00'),(1213,498,6,6.5,19.5,8.2,23.2,0,0,54,5.6,5128.4,7,'해로움 (민감 그룹)','2024-04-01 23:40:34','2024-04-01 23:40:34','2024-04-06 00:00:00'),(1214,223639,6,5.5,19.6,6.7,22.9,0,0,55,5.6,5208.2,7,'해로움 (민감 그룹)','2024-04-01 23:40:35','2024-04-01 23:40:35','2024-04-06 00:00:00'),(1215,223671,6,7,17.6,8.4,21.7,0,0,59,7.4,5194.8,7,'해로움 (민감 그룹)','2024-04-01 23:40:35','2024-04-01 23:40:35','2024-04-06 00:00:00'),(1216,223641,6,7.2,17.1,8.7,21.9,0,0,60,5.6,5203.5,7,'해로움 (민감 그룹)','2024-04-01 23:40:35','2024-04-01 23:40:35','2024-04-06 00:00:00'),(1217,223640,6,6.8,18.1,8.3,22.5,0,0,54,5.6,5200.1,7,'해로움 (민감 그룹)','2024-04-01 23:40:36','2024-04-01 23:40:36','2024-04-06 00:00:00'),(1218,223649,6,6,20.6,7.9,23.2,0,0,50,5.6,5082.8,7,'해로움 (민감 그룹)','2024-04-01 23:40:36','2024-04-01 23:40:36','2024-04-06 00:00:00'),(1219,223650,6,6.4,18.2,8.1,22.4,0,0,61,5.6,5213.2,7,'해로움 (민감 그룹)','2024-04-01 23:40:37','2024-04-01 23:40:37','2024-04-06 00:00:00'),(1220,223646,6,5.8,18.9,7.4,22.3,0,0,62,3.7,5216.5,7,'해로움 (민감 그룹)','2024-04-01 23:40:37','2024-04-01 23:40:37','2024-04-06 00:00:00'),(1221,223648,6,5.4,20.3,6.5,23.5,0,0,50,5.6,5058.7,7,'해로움 (민감 그룹)','2024-04-01 23:40:37','2024-04-01 23:40:37','2024-04-06 00:00:00'),(1222,223647,6,6.7,18.5,7.8,22.7,0,0,56,5.6,5197.2,7,'해로움 (민감 그룹)','2024-04-01 23:40:38','2024-04-01 23:40:38','2024-04-06 00:00:00'),(1223,223659,6,6.4,20.1,7.5,23.6,0,0,51,5.6,5050.4,7,'해로움 (민감 그룹)','2024-04-01 23:40:38','2024-04-01 23:40:38','2024-04-06 00:00:00'),(1224,223645,6,6.9,18.4,8.2,22.7,0,0,55,5.6,5195.9,7,'해로움 (민감 그룹)','2024-04-01 23:40:39','2024-04-01 23:40:39','2024-04-06 00:00:00'),(1225,223636,6,6.9,18.1,8.6,21.9,0,0,58,5.6,5138.5,7,'해로움 (민감 그룹)','2024-04-01 23:40:39','2024-04-01 23:40:39','2024-04-06 00:00:00'),(1226,223643,6,6.7,17.9,7.7,22.4,0,0,55,5.6,5201.8,7,'해로움 (민감 그룹)','2024-04-01 23:40:40','2024-04-01 23:40:40','2024-04-06 00:00:00'),(1227,223637,6,8.4,20.2,10.3,23.1,0,0,52,3.7,5195.9,7,'해로움 (민감 그룹)','2024-04-01 23:40:40','2024-04-01 23:40:40','2024-04-06 00:00:00'),(1228,223642,6,4.7,20.5,7.1,23.1,0,0,57,3.7,5260.5,7,'해로움 (민감 그룹)','2024-04-01 23:40:40','2024-04-01 23:40:40','2024-04-06 00:00:00'),(1229,2330414,6,6,19.8,7.2,23.3,0,0,49,5.6,5023.4,7,'해로움 (민감 그룹)','2024-04-01 23:40:41','2024-04-01 23:40:41','2024-04-06 00:00:00'),(1230,223634,6,5.8,19.2,8,23.1,0,0,59,5.6,5212.9,7,'해로움 (민감 그룹)','2024-04-01 23:40:41','2024-04-01 23:40:41','2024-04-06 00:00:00'),(1231,223644,6,6.1,20.2,8.4,23.4,0,0,51,3.7,5114.5,7,'해로움 (민감 그룹)','2024-04-01 23:40:42','2024-04-01 23:40:42','2024-04-06 00:00:00'),(1232,223632,6,4.8,20.3,6.5,23.3,0,0,59,5.6,5219.4,7,'해로움 (민감 그룹)','2024-04-01 23:40:42','2024-04-01 23:40:42','2024-04-06 00:00:00'),(1233,2330409,6,4.9,20.6,6.4,23,0,0,51,5.6,5013.9,7,'해로움 (민감 그룹)','2024-04-01 23:40:42','2024-04-01 23:40:42','2024-04-06 00:00:00'),(1234,223635,6,6.8,18.1,8.3,22.5,0,0,54,5.6,5200.1,7,'해로움 (민감 그룹)','2024-04-01 23:40:43','2024-04-01 23:40:43','2024-04-06 00:00:00'),(1235,223633,6,7.6,20.4,10,23.2,0,0,52,3.7,5152.7,7,'해로움 (민감 그룹)','2024-04-01 23:40:43','2024-04-01 23:40:43','2024-04-06 00:00:00'),(1236,223656,6,4.9,20.7,7.3,22.6,0,0,55,3.7,5206.3,7,'해로움 (민감 그룹)','2024-04-01 23:40:44','2024-04-01 23:40:44','2024-04-06 00:00:00'),(1237,1315396,6,5.7,21.2,7.3,22.9,0,0,54,5.6,5196.1,7,'해로움 (민감 그룹)','2024-04-01 23:40:44','2024-04-01 23:40:44','2024-04-06 00:00:00'),(1238,223652,6,7.6,21.4,10.4,23.5,0,0,51,5.6,5078.6,7,'해로움 (민감 그룹)','2024-04-01 23:40:45','2024-04-01 23:40:45','2024-04-06 00:00:00'),(1239,223667,6,5.4,20.9,6.9,23.2,0,0,51,5.6,4986.3,7,'해로움 (민감 그룹)','2024-04-01 23:40:45','2024-04-01 23:40:45','2024-04-06 00:00:00'),(1240,223554,6,4.7,22.1,6.4,23.5,0,0,49,5.6,5024.2,7,'해로움 (민감 그룹)','2024-04-01 23:40:45','2024-04-01 23:40:45','2024-04-06 00:00:00'),(1241,223559,6,4.9,20.5,7,22.6,0,0,55,5.6,5202.8,7,'해로움 (민감 그룹)','2024-04-01 23:40:46','2024-04-01 23:40:46','2024-04-06 00:00:00'),(1242,223558,6,13,18.3,12.5,22,0,0,56,7.4,5479.4,7,'해로움 (민감 그룹)','2024-04-01 23:40:46','2024-04-01 23:40:46','2024-04-06 00:00:00'),(1243,223557,6,11.9,19.1,10.5,22.8,0,0,54,9.3,5450.6,7,'해로움 (민감 그룹)','2024-04-01 23:40:47','2024-04-01 23:40:47','2024-04-06 00:00:00'),(1244,223569,3,6,16.9,5.9,21,0,0,50,7.4,6937.8,8,'건강에 해로움','2024-04-01 23:40:47','2024-04-01 23:40:47','2024-04-06 00:00:00'),(1245,223556,6,11.9,19.1,10.8,23.2,0,0,53,7.4,5159.3,7,'해로움 (민감 그룹)','2024-04-01 23:40:48','2024-04-01 23:40:48','2024-04-06 00:00:00'),(1246,223555,6,12.1,18.3,10.6,22.5,0,0,56,9.3,5880.8,7,'해로움 (민감 그룹)','2024-04-01 23:40:48','2024-04-01 23:40:48','2024-04-06 00:00:00'),(1247,223564,6,7.4,21.3,9.7,23.6,0,0,51,5.6,5068.6,7,'해로움 (민감 그룹)','2024-04-01 23:40:48','2024-04-01 23:40:48','2024-04-06 00:00:00'),(1248,223561,6,7.9,21,9.4,23.3,0,0,54,5.6,5195.3,7,'해로움 (민감 그룹)','2024-04-01 23:40:49','2024-04-01 23:40:49','2024-04-06 00:00:00'),(1249,223572,6,5.3,20.2,7.5,22.6,0,0,54,5.6,5971.1,7,'해로움 (민감 그룹)','2024-04-01 23:40:49','2024-04-01 23:40:49','2024-04-06 00:00:00'),(1250,223567,6,5.4,17.7,6.3,20.8,0,0,51,9.3,5185,7,'해로움 (민감 그룹)','2024-04-01 23:40:50','2024-04-01 23:40:50','2024-04-06 00:00:00'),(1251,223576,6,5.3,19.2,7.7,22.5,0,0,50,7.4,5283.7,7,'해로움 (민감 그룹)','2024-04-01 23:40:50','2024-04-01 23:40:50','2024-04-06 00:00:00'),(1252,223560,6,4.8,20.2,6.1,22.7,0,0,52,5.6,5003.4,7,'해로움 (민감 그룹)','2024-04-01 23:40:51','2024-04-01 23:40:51','2024-04-06 00:00:00'),(1253,223565,6,7.6,21.1,10.3,23.5,0,0,49,5.6,5050.1,7,'해로움 (민감 그룹)','2024-04-01 23:40:51','2024-04-01 23:40:51','2024-04-06 00:00:00'),(1254,223595,6,6.4,20.9,8.7,22.9,0,0,48,5.6,5115.7,7,'해로움 (민감 그룹)','2024-04-01 23:40:52','2024-04-01 23:40:52','2024-04-06 00:00:00'),(1255,223593,6,7.6,19.8,9.9,22.4,0,0,48,7.4,5137.9,7,'해로움 (민감 그룹)','2024-04-01 23:40:52','2024-04-01 23:40:52','2024-04-06 00:00:00'),(1256,2330392,6,11.6,18.9,10.9,23,0,0,54,7.4,5144.5,7,'해로움 (민감 그룹)','2024-04-01 23:40:52','2024-04-01 23:40:52','2024-04-06 00:00:00'),(1257,223571,6,11.9,19.4,10.7,24.2,0,0,53,5.6,5164.7,7,'해로움 (민감 그룹)','2024-04-01 23:40:53','2024-04-01 23:40:53','2024-04-06 00:00:00'),(1258,223115,6,5.4,20.1,7.1,23.3,0,0,60,3.7,5333.5,7,'해로움 (민감 그룹)','2024-04-01 23:40:53','2024-04-01 23:40:53','2024-04-06 00:00:00'),(1259,223117,6,6,20,7.4,22.7,0,0,59,5.6,5172.3,7,'해로움 (민감 그룹)','2024-04-01 23:40:54','2024-04-01 23:40:54','2024-04-06 00:00:00'),(1260,223116,6,4.9,19.5,6.8,22.2,0,0,55,5.6,5483.8,7,'해로움 (민감 그룹)','2024-04-01 23:40:54','2024-04-01 23:40:54','2024-04-06 00:00:00'),(1261,223122,6,5.5,20.1,7,23.4,0,0,57,5.6,5847,8,'건강에 해로움','2024-04-01 23:40:54','2024-04-01 23:40:54','2024-04-06 00:00:00'),(1262,223132,4,6.1,20.7,8.1,22.9,0,0,55,5.6,5000.4,7,'해로움 (민감 그룹)','2024-04-01 23:40:55','2024-04-01 23:40:55','2024-04-06 00:00:00'),(1263,223120,4,7.2,20.8,9,23.3,0,0,54,3.7,5271.7,7,'해로움 (민감 그룹)','2024-04-01 23:40:55','2024-04-01 23:40:55','2024-04-06 00:00:00'),(1264,2330373,6,5.2,20.1,7,23.2,0,0,60,5.6,5268.9,7,'해로움 (민감 그룹)','2024-04-01 23:40:56','2024-04-01 23:40:56','2024-04-06 00:00:00'),(1265,223118,6,5.3,19.8,6.9,23,0,0,60,5.6,5215.8,7,'해로움 (민감 그룹)','2024-04-01 23:40:56','2024-04-01 23:40:56','2024-04-06 00:00:00'),(1266,223129,6,4.6,19.9,6.5,23.3,0,0,58,5.6,5226.8,7,'해로움 (민감 그룹)','2024-04-01 23:40:57','2024-04-01 23:40:57','2024-04-06 00:00:00'),(1267,223119,6,4.4,20,6.1,23.1,0,0,58,3.7,5183.7,7,'해로움 (민감 그룹)','2024-04-01 23:40:57','2024-04-01 23:40:57','2024-04-06 00:00:00'),(1268,223137,6,5.9,19.9,8.5,23,0,0,55,7.4,6399.6,7,'해로움 (민감 그룹)','2024-04-01 23:40:58','2024-04-01 23:40:58','2024-04-06 00:00:00'),(1269,223148,6,6.2,19.7,7.8,23.6,0,0,59,5.6,5103.7,7,'해로움 (민감 그룹)','2024-04-01 23:40:58','2024-04-01 23:40:58','2024-04-06 00:00:00'),(1270,223143,6,6.8,21.3,8,23.6,0,0,55,3.7,4922.2,7,'해로움 (민감 그룹)','2024-04-01 23:40:58','2024-04-01 23:40:58','2024-04-06 00:00:00'),(1271,2330375,4,7.6,16.9,7.8,20.2,0,0,62,3.7,2792,5,'보통','2024-04-01 23:40:59','2024-04-01 23:40:59','2024-04-06 00:00:00'),(1272,223147,6,7.1,20,9,23.2,0,0,58,5.6,5016.9,7,'해로움 (민감 그룹)','2024-04-01 23:40:59','2024-04-01 23:40:59','2024-04-06 00:00:00'),(1273,223146,6,6.6,16.9,7.4,19.9,0,0,65,7.4,3446.1,5,'보통','2024-04-01 23:40:59','2024-04-01 23:40:59','2024-04-06 00:00:00'),(1274,223145,4,6.7,21.4,7.1,21.7,0,0,55,5.6,1355.7,4,'보통','2024-04-01 23:41:00','2024-04-01 23:41:00','2024-04-06 00:00:00'),(1275,2330378,6,6.3,20.6,7.4,22.6,0,0,57,3.7,4009.5,6,'해로움 (민감 그룹)','2024-04-01 23:41:00','2024-04-01 23:41:00','2024-04-06 00:00:00'),(1276,223184,6,6.5,19.6,8,23,0,0,58,5.6,4828.3,7,'해로움 (민감 그룹)','2024-04-01 23:41:01','2024-04-01 23:41:01','2024-04-06 00:00:00'),(1277,223152,4,6.3,20.4,8.5,23.8,0,0,55,5.6,5111.1,6,'해로움 (민감 그룹)','2024-04-01 23:41:01','2024-04-01 23:41:01','2024-04-06 00:00:00'),(1278,223154,4,7,21.9,7.5,22.9,0,0,53,3.7,3148.3,5,'보통','2024-04-01 23:41:02','2024-04-01 23:41:02','2024-04-06 00:00:00'),(1279,223156,4,7.6,17.9,8.1,20.3,0,0,60,5.6,1068.7,4,'보통','2024-04-01 23:41:02','2024-04-01 23:41:02','2024-04-06 00:00:00'),(1280,223159,4,5.8,20.4,6.5,22.9,0,0,53,5.6,4311.5,6,'해로움 (민감 그룹)','2024-04-01 23:41:03','2024-04-01 23:41:03','2024-04-06 00:00:00'),(1281,223151,6,5.7,18.8,6.3,22,0,0,59,7.4,4748.6,7,'해로움 (민감 그룹)','2024-04-01 23:41:03','2024-04-01 23:41:03','2024-04-06 00:00:00'),(1282,223158,6,6.5,19.6,8,23,0,0,58,5.6,4828.3,7,'해로움 (민감 그룹)','2024-04-01 23:41:03','2024-04-01 23:41:03','2024-04-06 00:00:00'),(1283,2330380,6,7.1,15.5,7.7,18.3,0,0,66,5.6,2230.8,4,'보통','2024-04-01 23:41:04','2024-04-01 23:41:04','2024-04-06 00:00:00'),(1284,223078,4,6.5,21.3,7.9,22.5,0,0,54,3.7,3389.5,5,'보통','2024-04-01 23:41:04','2024-04-01 23:41:04','2024-04-06 00:00:00'),(1285,223083,4,7.6,17.9,8.1,20.3,0,0,60,5.6,1068.7,4,'보통','2024-04-01 23:41:05','2024-04-01 23:41:05','2024-04-06 00:00:00'),(1286,223082,4,6.2,20.6,6.6,22.1,0,0,56,5.6,1360.4,4,'보통','2024-04-01 23:41:05','2024-04-01 23:41:05','2024-04-06 00:00:00'),(1287,223080,6,6.5,21,7.9,22.1,0,0,56,5.6,2489.3,4,'보통','2024-04-01 23:41:06','2024-04-01 23:41:06','2024-04-06 00:00:00'),(1288,223081,4,6.9,21.6,8.2,24.9,0,0,54,3.7,5153.8,7,'해로움 (민감 그룹)','2024-04-01 23:41:06','2024-04-01 23:41:06','2024-04-06 00:00:00'),(1289,223079,4,5.6,20,6.3,21.6,0,0,56,5.6,2010.6,4,'보통','2024-04-01 23:41:06','2024-04-01 23:41:06','2024-04-06 00:00:00'),(1290,2330428,4,6,20.6,6.5,21.3,0,0,56,5.6,1446.5,4,'보통','2024-04-01 23:41:07','2024-04-01 23:41:07','2024-04-06 00:00:00'),(1291,223084,4,6.2,19.1,6.5,23.3,0,0,56,5.6,6347.9,8,'건강에 해로움','2024-04-01 23:41:08','2024-04-01 23:41:08','2024-04-06 00:00:00'),(1292,223090,4,6.3,18.5,8,23,0,0,57,3.7,5675.8,7,'해로움 (민감 그룹)','2024-04-01 23:41:08','2024-04-01 23:41:08','2024-04-06 00:00:00'),(1293,223093,4,6,18.2,6.9,22.7,0,0,56,3.7,6238.7,8,'건강에 해로움','2024-04-01 23:41:08','2024-04-01 23:41:08','2024-04-06 00:00:00'),(1294,223097,4,6.3,20.5,6.9,23.7,0,0,55,3.7,5158.7,6,'해로움 (민감 그룹)','2024-04-01 23:41:09','2024-04-01 23:41:09','2024-04-06 00:00:00'),(1295,223112,4,6.1,21.3,7.4,23.8,0,0,57,1.9,4599.1,6,'해로움 (민감 그룹)','2024-04-01 23:41:09','2024-04-01 23:41:09','2024-04-06 00:00:00'),(1296,223089,4,6,20.5,6.2,21.5,0,0,58,3.7,1904.3,4,'보통','2024-04-01 23:41:10','2024-04-01 23:41:10','2024-04-06 00:00:00'),(1297,223086,4,6.7,19,7.4,21.2,0,0,59,5.6,1889.8,4,'보통','2024-04-01 23:41:10','2024-04-01 23:41:10','2024-04-06 00:00:00'),(1298,224257,6,9.3,18,8.3,21.3,0,0,62,7.4,4934.6,7,'해로움 (민감 그룹)','2024-04-01 23:41:11','2024-04-01 23:41:11','2024-04-06 00:00:00'),(1299,224259,6,10.8,18.3,10.2,23,0,0,60,3.7,6744.9,8,'건강에 해로움','2024-04-01 23:41:11','2024-04-01 23:41:11','2024-04-06 00:00:00'),(1300,224258,5,8.7,21.1,9,24,0,0,54,5.6,6877.7,8,'건강에 해로움','2024-04-01 23:41:11','2024-04-01 23:41:11','2024-04-06 00:00:00'),(1301,224256,6,5.8,22,6.5,24,0,0,57,3.7,5186.3,8,'건강에 해로움','2024-04-01 23:41:12','2024-04-01 23:41:12','2024-04-06 00:00:00'),(1302,224255,5,9,21.1,10.1,24.2,0,0,53,5.6,6916.7,8,'건강에 해로움','2024-04-01 23:41:12','2024-04-01 23:41:12','2024-04-06 00:00:00'),(1303,224270,4,6.4,21.7,7.2,23.2,0,0,58,3.7,3077.1,4,'보통','2024-04-01 23:41:13','2024-04-01 23:41:13','2024-04-06 00:00:00'),(1304,224267,6,7.3,21.6,8.3,24.6,0,0,57,1.9,6477.2,8,'건강에 해로움','2024-04-01 23:41:13','2024-04-01 23:41:13','2024-04-06 00:00:00'),(1305,224297,3,7.5,21.5,9.2,24.9,0,0,54,3.7,7066.2,8,'건강에 해로움','2024-04-01 23:41:14','2024-04-01 23:41:14','2024-04-06 00:00:00'),(1306,224342,4,10.1,18.8,9.6,23.2,0,0,58,3.7,5696.5,8,'건강에 해로움','2024-04-01 23:41:14','2024-04-01 23:41:14','2024-04-06 00:00:00'),(1307,224269,6,8.6,21.2,9.2,24.3,0,0,56,5.6,6650.5,8,'건강에 해로움','2024-04-01 23:41:14','2024-04-01 23:41:14','2024-04-06 00:00:00'),(1308,224341,4,6.5,20.6,7,23.9,0,0,58,3.7,6260.3,8,'건강에 해로움','2024-04-01 23:41:15','2024-04-01 23:41:15','2024-04-06 00:00:00'),(1309,224264,4,9.8,20.2,9.4,23.1,0,0,57,5.6,5078.9,6,'해로움 (민감 그룹)','2024-04-01 23:41:15','2024-04-01 23:41:15','2024-04-06 00:00:00'),(1310,224262,6,8,21,8.3,24.2,0,0,55,3.7,5533.9,7,'해로움 (민감 그룹)','2024-04-01 23:41:16','2024-04-01 23:41:16','2024-04-06 00:00:00'),(1311,224266,6,9,19.4,8.9,22.4,0,0,60,3.7,3784.4,5,'보통','2024-04-01 23:41:16','2024-04-01 23:41:16','2024-04-06 00:00:00'),(1312,224273,6,6.7,21.2,6.9,23.8,0,0,59,1.9,5323.1,8,'건강에 해로움','2024-04-01 23:41:17','2024-04-01 23:41:17','2024-04-06 00:00:00'),(1313,224344,6,8.6,19.4,7.8,22,0,0,60,5.6,4879.9,7,'해로움 (민감 그룹)','2024-04-01 23:41:17','2024-04-01 23:41:17','2024-04-06 00:00:00'),(1314,224261,4,6.2,20.3,6.4,23,0,0,57,5.6,4614.5,6,'해로움 (민감 그룹)','2024-04-01 23:41:18','2024-04-01 23:41:18','2024-04-06 00:00:00'),(1315,224338,4,6.8,19.1,6.3,21.2,0,0,58,5.6,1290.8,4,'보통','2024-04-01 23:41:18','2024-04-01 23:41:18','2024-04-06 00:00:00'),(1316,2330430,4,5.5,21.4,5.9,22.3,0,0,57,3.7,1780.7,4,'보통','2024-04-01 23:41:19','2024-04-01 23:41:19','2024-04-06 00:00:00'),(1317,224271,6,12.1,18.3,10,21.5,0,0,60,7.4,6881.6,8,'건강에 해로움','2024-04-01 23:41:19','2024-04-01 23:41:19','2024-04-06 00:00:00'),(1318,224260,6,11.5,17.5,10.2,22.3,0,0,63,3.7,5921.5,8,'건강에 해로움','2024-04-01 23:41:19','2024-04-01 23:41:19','2024-04-06 00:00:00'),(1319,2330431,6,11.7,16.9,9.7,20.2,0,0,67,7.4,4279.2,6,'해로움 (민감 그룹)','2024-04-01 23:41:20','2024-04-01 23:41:20','2024-04-06 00:00:00'),(1320,223682,6,9.6,20.3,9.8,23.8,0,0,49,7.4,6726.9,8,'건강에 해로움','2024-04-01 23:41:20','2024-04-01 23:41:20','2024-04-06 00:00:00'),(1321,223681,3,7.8,20.9,8.7,24.7,0,0,49,5.6,7231.4,8,'건강에 해로움','2024-04-01 23:41:20','2024-04-01 23:41:20','2024-04-06 00:00:00'),(1322,223673,6,7.9,21.5,9.4,24.9,0,0,51,3.7,6212.7,8,'건강에 해로움','2024-04-01 23:41:21','2024-04-01 23:41:21','2024-04-06 00:00:00'),(1323,223679,6,6.4,21.2,8.3,23.6,0,0,50,5.6,6409.3,7,'해로움 (민감 그룹)','2024-04-01 23:41:21','2024-04-01 23:41:21','2024-04-06 00:00:00'),(1324,223680,6,7.4,21.5,8.9,24.3,0,0,50,1.9,6430.7,8,'건강에 해로움','2024-04-01 23:41:22','2024-04-01 23:41:22','2024-04-06 00:00:00'),(1325,223677,6,6.9,19.8,8,24,0,0,52,3.7,6714.6,7,'해로움 (민감 그룹)','2024-04-01 23:41:22','2024-04-01 23:41:22','2024-04-06 00:00:00'),(1326,223675,2,7.4,20.7,8.8,24.8,0,0,47,3.7,7338.9,8,'건강에 해로움','2024-04-01 23:41:23','2024-04-01 23:41:23','2024-04-06 00:00:00'),(1327,223676,6,6.6,21.3,7.9,24.7,0,0,53,1.9,6725.8,7,'해로움 (민감 그룹)','2024-04-01 23:41:23','2024-04-01 23:41:23','2024-04-06 00:00:00'),(1328,223674,6,7.3,20,8.5,23.7,0,0,55,3.7,6090.8,7,'해로움 (민감 그룹)','2024-04-01 23:41:23','2024-04-01 23:41:23','2024-04-06 00:00:00'),(1329,223678,3,8.1,20.6,9.8,24.8,0,0,47,1.9,7116.1,8,'건강에 해로움','2024-04-01 23:41:24','2024-04-01 23:41:24','2024-04-06 00:00:00'),(1330,223730,3,7.6,20.7,9.3,23.9,0,0,48,5.6,7208.8,8,'건강에 해로움','2024-04-01 23:41:24','2024-04-01 23:41:24','2024-04-06 00:00:00'),(1331,223693,6,7.7,21.4,9.2,24.1,0,0,49,5.6,6757.3,7,'해로움 (민감 그룹)','2024-04-01 23:41:25','2024-04-01 23:41:25','2024-04-06 00:00:00'),(1332,223700,3,7,20.2,8.4,23.1,0,0,50,7.4,7270.5,8,'건강에 해로움','2024-04-01 23:41:25','2024-04-01 23:41:25','2024-04-06 00:00:00'),(1333,223774,3,6.9,20.3,8.4,23.1,0,0,48,7.4,7169.3,7,'해로움 (민감 그룹)','2024-04-01 23:41:26','2024-04-01 23:41:26','2024-04-06 00:00:00'),(1334,223692,2,10.1,20.8,10.5,23.8,0,0,47,7.4,7350.4,7,'해로움 (민감 그룹)','2024-04-01 23:41:26','2024-04-01 23:41:26','2024-04-06 00:00:00'),(1335,223699,4,8.2,20.3,9.3,24.4,0,0,50,3.7,6859.4,8,'건강에 해로움','2024-04-01 23:41:26','2024-04-01 23:41:26','2024-04-06 00:00:00'),(1336,223726,4,7.9,21,9.4,24.3,0,0,53,3.7,6077.1,8,'건강에 해로움','2024-04-01 23:41:27','2024-04-01 23:41:27','2024-04-06 00:00:00'),(1337,223756,4,8.1,21.6,9.6,24.3,0,0,50,3.7,6467.2,8,'건강에 해로움','2024-04-01 23:41:27','2024-04-01 23:41:27','2024-04-06 00:00:00'),(1338,2330417,6,8.3,21.5,10.1,24.5,0,0,47,3.7,6851.3,8,'건강에 해로움','2024-04-01 23:41:28','2024-04-01 23:41:28','2024-04-06 00:00:00'),(1339,223691,6,6.8,21,8.9,23.7,0,0,54,5.6,6054.5,7,'해로움 (민감 그룹)','2024-04-01 23:41:28','2024-04-01 23:41:28','2024-04-06 00:00:00'),(1340,223694,6,7,19.1,8.2,23.4,0,0,50,5.6,6759.4,7,'해로움 (민감 그룹)','2024-04-01 23:41:29','2024-04-01 23:41:29','2024-04-06 00:00:00'),(1341,223690,3,13,18.5,11.9,20.4,0,0,56,16.7,6971.1,7,'해로움 (민감 그룹)','2024-04-01 23:41:29','2024-04-01 23:41:29','2024-04-06 00:00:00'),(1342,226438,6,10.6,13.1,7.5,14.4,0,0,65,16.7,5628.8,7,'해로움 (민감 그룹)','2024-04-01 23:41:30','2024-04-01 23:41:30','2024-04-06 00:00:00'),(1343,223791,2,8.4,19.9,9.4,24.2,0,0,50,3.7,7435.7,8,'건강에 해로움','2024-04-01 23:41:30','2024-04-01 23:41:30','2024-04-06 00:00:00'),(1344,223798,3,8.3,20.2,9,23.9,0,0,56,5.6,7281.7,8,'건강에 해로움','2024-04-01 23:41:30','2024-04-01 23:41:30','2024-04-06 00:00:00'),(1345,223796,2,11.2,16.5,10.4,21.2,0,0,61,3.7,7451.1,8,'건강에 해로움','2024-04-01 23:41:31','2024-04-01 23:41:31','2024-04-06 00:00:00'),(1346,223795,6,9.5,17.6,10,22.2,0,0,61,3.7,6858.6,8,'건강에 해로움','2024-04-01 23:41:31','2024-04-01 23:41:31','2024-04-06 00:00:00'),(1347,223799,2,8.2,20.1,9.4,24.4,0,0,50,3.7,7502.1,8,'건강에 해로움','2024-04-01 23:41:32','2024-04-01 23:41:32','2024-04-06 00:00:00'),(1348,223793,3,7.9,20.8,8.7,24.8,0,0,51,3.7,7154.8,8,'건강에 해로움','2024-04-01 23:41:32','2024-04-01 23:41:32','2024-04-06 00:00:00'),(1349,223797,2,10.7,16.9,11,22.2,0,0,58,5.6,7394,8,'건강에 해로움','2024-04-01 23:41:33','2024-04-01 23:41:33','2024-04-06 00:00:00'),(1350,223801,2,8.9,20.2,9.7,24.6,0,0,47,3.7,7518,8,'건강에 해로움','2024-04-01 23:41:33','2024-04-01 23:41:33','2024-04-06 00:00:00'),(1351,223851,3,7.4,20.3,7.8,24.3,0,0,54,3.7,7185,8,'건강에 해로움','2024-04-01 23:41:33','2024-04-01 23:41:33','2024-04-06 00:00:00'),(1352,223820,3,7.7,20.3,9.1,23.8,0,0,54,3.7,7420.8,8,'건강에 해로움','2024-04-01 23:41:34','2024-04-01 23:41:34','2024-04-06 00:00:00'),(1353,223802,3,7.8,20.4,9.1,24.1,0,0,52,3.7,7335.2,8,'건강에 해로움','2024-04-01 23:41:34','2024-04-01 23:41:34','2024-04-06 00:00:00'),(1354,223810,3,9.3,18.6,9.7,23.4,0,0,59,3.7,7295.1,8,'건강에 해로움','2024-04-01 23:41:35','2024-04-01 23:41:35','2024-04-06 00:00:00'),(1355,223858,4,10.8,17.5,11,21.8,0,0,62,3.7,6577.6,8,'건강에 해로움','2024-04-01 23:41:35','2024-04-01 23:41:35','2024-04-06 00:00:00'),(1356,223803,3,9.1,20.8,10,24.6,0,0,55,5.6,7091.2,8,'건강에 해로움','2024-04-01 23:41:35','2024-04-01 23:41:35','2024-04-06 00:00:00'),(1357,223805,4,8.1,20.1,9.1,24.1,0,0,55,3.7,5028.3,6,'해로움 (민감 그룹)','2024-04-01 23:41:36','2024-04-01 23:41:36','2024-04-06 00:00:00'),(1358,223808,4,7.5,20.3,9.5,24.8,0,0,55,1.9,5665.4,7,'해로움 (민감 그룹)','2024-04-01 23:41:36','2024-04-01 23:41:36','2024-04-06 00:00:00'),(1359,223804,4,7.6,20.8,8.7,24.3,0,0,55,3.7,6646.4,8,'건강에 해로움','2024-04-01 23:41:37','2024-04-01 23:41:37','2024-04-06 00:00:00'),(1360,223821,4,7.8,21.5,8.8,25.4,0,0,54,3.7,6245.9,8,'건강에 해로움','2024-04-01 23:41:37','2024-04-01 23:41:37','2024-04-06 00:00:00'),(1361,224209,4,11.8,17.8,8.8,19.8,0,0,60,16.7,5216.8,7,'해로움 (민감 그룹)','2024-04-01 23:41:38','2024-04-01 23:41:38','2024-04-06 00:00:00'),(1362,224210,5,12.4,18.4,10.1,21.7,0,0,57,13,7261,8,'건강에 해로움','2024-04-01 23:41:38','2024-04-01 23:41:38','2024-04-06 00:00:00'),(1363,226003,4,6.8,19.3,7,21.9,0,0,52,5.6,714.5,3,'보통','2024-04-01 00:00:00','2024-04-01 00:00:00','2024-03-31 00:00:00'),(1364,226003,4,6.8,19.3,7,21.9,0,0,52,5.6,714.5,3,'보통','2024-04-01 00:00:00','2024-04-01 00:00:00','2024-03-30 00:00:00'),(1365,226003,4,6.8,19.3,7,21.9,0,0,52,5.6,714.5,3,'보통','2024-04-01 00:00:00','2024-04-01 00:00:00','2024-03-29 00:00:00'),(1366,226003,4,6.8,19.3,7,21.9,0,0,52,5.6,714.5,3,'보통','2024-04-01 00:00:00','2024-04-01 00:00:00','2024-03-28 00:00:00'),(1367,226003,4,6.8,19.3,7,21.9,0,0,52,5.6,714.5,3,'보통','2024-04-01 00:00:00','2024-04-01 00:00:00','2024-03-27 00:00:00'),(1368,226003,4,6.8,19.3,7,21.9,0,0,52,5.6,714.5,3,'보통','2024-04-01 00:00:00','2024-04-01 00:00:00','2024-03-26 00:00:00'),(1369,226003,4,6.8,19.3,7,21.9,0,0,52,5.6,714.5,3,'보통','2024-04-01 00:00:00','2024-04-01 00:00:00','2024-03-25 00:00:00'),(1370,226003,4,6.8,19.3,7,21.9,0,0,52,5.6,714.5,3,'보통','2024-04-01 00:00:00','2024-04-01 00:00:00','2024-03-24 00:00:00'),(1371,226003,4,6.8,19.3,7,21.9,0,0,52,5.6,714.5,3,'보통','2024-04-01 00:00:00','2024-04-01 00:00:00','2024-03-23 00:00:00'),(1372,226003,4,6.8,19.3,7,21.9,0,0,52,5.6,714.5,3,'보통','2024-04-01 00:00:00','2024-04-01 00:00:00','2024-03-22 00:00:00'),(1373,226003,4,6.8,19.3,7,21.9,0,0,52,5.6,714.5,3,'보통','2024-04-01 00:00:00','2024-04-01 00:00:00','2024-03-21 00:00:00');
/*!40000 ALTER TABLE `weather` ENABLE KEYS */;
UNLOCK TABLES;

--
-- Dumping routines for database 'super_tizen'
--
/*!40103 SET TIME_ZONE=@OLD_TIME_ZONE */;

/*!40101 SET SQL_MODE=@OLD_SQL_MODE */;
/*!40014 SET FOREIGN_KEY_CHECKS=@OLD_FOREIGN_KEY_CHECKS */;
/*!40014 SET UNIQUE_CHECKS=@OLD_UNIQUE_CHECKS */;
/*!40101 SET CHARACTER_SET_CLIENT=@OLD_CHARACTER_SET_CLIENT */;
/*!40101 SET CHARACTER_SET_RESULTS=@OLD_CHARACTER_SET_RESULTS */;
/*!40101 SET COLLATION_CONNECTION=@OLD_COLLATION_CONNECTION */;
/*!40111 SET SQL_NOTES=@OLD_SQL_NOTES */;

-- Dump completed on 2024-04-03  4:22:54
